gene	track	total	ok	pct_ok	ESEQUENCEMISMATCH	EINTRONIC	ENOSELECTORFOUND	ESYNTAXUEOF	OTHER	rescuable	non_rescuable
AIRE	NG_IDRefseq	268	268	100.0	0	0	0	0	0	0	0
AK2	NG_IDRefseq	9	9	100.0	0	0	0	0	0	0	0
AK2	NM_IDRefseq	18	0	0.0	0	0	18	0	0	18	0
AK2	NM_MANE	18	18	100.0	0	0	0	0	0	0	0
AP3B1	NG_IDRefseq	8	8	100.0	0	0	0	0	0	0	0
AP3B1	NM_IDRefseq	12	12	100.0	0	0	0	0	0	0	0
AP3B1	NM_MANE	12	12	100.0	0	0	0	0	0	0	0
BIRC4	NG_IDRefseq	14	14	100.0	0	0	0	0	0	0	0
BIRC4	NM_IDRefseq	14	14	100.0	0	0	0	0	0	0	0
BIRC4	NM_MANE	14	14	100.0	0	0	0	0	0	0	0
BLM	NG_IDRefseq	123	123	100.0	0	0	0	0	0	0	0
BLM	NM_IDRefseq	207	0	0.0	0	0	207	0	0	207	0
BLM	NM_MANE	207	207	100.0	0	0	0	0	0	0	0
C1QA	NG_IDRefseq	9	9	100.0	0	0	0	0	0	0	0
C1QA	NM_IDRefseq	17	0	0.0	0	0	17	0	0	17	0
C1QA	NM_MANE	17	5	29.4	12	0	0	0	0	12	0
C1QB	NG_IDRefseq	5	5	100.0	0	0	0	0	0	0	0
C1QB	NM_IDRefseq	10	0	0.0	0	0	10	0	0	10	0
C1QB	NM_MANE	10	0	0.0	10	0	0	0	0	10	0
C1QC	NG_IDRefseq	5	5	100.0	0	0	0	0	0	0	0
C1QC	NM_IDRefseq	10	0	0.0	0	0	10	0	0	10	0
C1QC	NM_MANE	10	10	100.0	0	0	0	0	0	0	0
C1S	NG_IDRefseq	7	7	100.0	0	0	0	0	0	0	0
C1S	NM_IDRefseq	11	0	0.0	0	0	11	0	0	11	0
C1S	NM_MANE	11	8	72.7	3	0	0	0	0	3	0
C2	NG_IDRefseq	3	3	100.0	0	0	0	0	0	0	0
C2	NM_IDRefseq	3	0	0.0	0	0	3	0	0	3	0
C2	NM_MANE	3	2	66.7	1	0	0	0	0	1	0
C3	NG_IDRefseq	10	7	70.0	3	0	0	0	0	3	0
C3	NM_IDRefseq	18	0	0.0	0	0	18	0	0	18	0
C3	NM_MANE	18	18	100.0	0	0	0	0	0	0	0
C5	NG_IDRefseq	8	8	100.0	0	0	0	0	0	0	0
C5	NM_IDRefseq	11	7	63.6	4	0	0	0	0	4	0
C5	NM_MANE	11	7	63.6	4	0	0	0	0	4	0
C6	NG_IDRefseq	10	10	100.0	0	0	0	0	0	0	0
C7	NM_IDRefseq	49	45	91.8	0	4	0	0	4	4	4
C7	NM_MANE	49	45	91.8	0	4	0	0	0	4	0
C8B	NG_IDRefseq	60	60	100.0	0	0	0	0	0	0	0
C8B	NM_IDRefseq	106	0	0.0	0	0	106	0	0	106	0
C8B	NM_MANE	106	106	100.0	0	0	0	0	0	0	0
C9	NG_IDRefseq	9	9	100.0	0	0	0	0	0	0	0
C9	NM_IDRefseq	14	0	0.0	0	0	14	0	0	14	0
C9	NM_MANE	14	3	21.4	11	0	0	0	0	11	0
CARD9	NM_IDRefseq	14	14	100.0	0	0	0	0	0	0	0
CARD9	NM_MANE	14	14	100.0	0	0	0	0	0	0	0
CASP10	NG_IDRefseq	2	2	100.0	0	0	0	0	0	0	0
CASP10	NM_IDRefseq	3	2	66.7	1	0	0	0	0	1	0
CASP10	NM_MANE	3	2	66.7	1	0	0	0	0	1	0
CASP8	NG_IDRefseq	2	2	100.0	0	0	0	0	0	0	0
CASP8	NM_IDRefseq	4	0	0.0	4	0	0	0	0	4	0
CASP8	NM_MANE	4	0	0.0	4	0	0	0	0	4	0
CD19	NG_IDRefseq	4	4	100.0	0	0	0	0	0	0	0
CD19	NM_IDRefseq	9	9	100.0	0	0	0	0	0	0	0
CD19	NM_MANE	9	9	100.0	0	0	0	0	0	0	0
CD247	NG_IDRefseq	2	2	100.0	0	0	0	0	0	0	0
CD247	NM_IDRefseq	4	4	100.0	0	0	0	0	0	0	0
CD247	NM_MANE	4	4	100.0	0	0	0	0	0	0	0
CD3D	NG_IDRefseq	4	4	100.0	0	0	0	0	0	0	0
CD3D	NM_IDRefseq	12	12	100.0	0	0	0	0	0	0	0
CD3D	NM_MANE	12	12	100.0	0	0	0	0	0	0	0
CD3E	NG_IDRefseq	1	1	100.0	0	0	0	0	0	0	0
CD3G	NG_IDRefseq	1	1	100.0	0	0	0	0	0	0	0
CD3G	NM_IDRefseq	2	2	100.0	0	0	0	0	0	0	0
CD3G	NM_MANE	2	2	100.0	0	0	0	0	0	0	0
CD40	NM_IDRefseq	6	0	0.0	6	0	0	0	6	6	6
CD40	NM_MANE	6	0	0.0	6	0	0	0	0	6	0
CD40L	NG_IDRefseq	185	184	99.5	1	0	0	0	0	1	0
CD55	NG_IDRefseq	8	8	100.0	0	0	0	0	0	0	0
CD55	NM_IDRefseq	18	0	0.0	0	0	18	0	0	18	0
CD55	NM_MANE	18	18	100.0	0	0	0	0	0	0	0
CD59	NG_IDRefseq	1	1	100.0	0	0	0	0	0	0	0
CD79A	NM_IDRefseq	4	0	0.0	0	4	0	0	0	4	0
CD79A	NM_MANE	4	0	0.0	0	4	0	0	0	4	0
CD79B	NG_IDRefseq	1	1	100.0	0	0	0	0	0	0	0
CD79B	NM_IDRefseq	2	0	0.0	0	0	2	0	0	2	0
CD79B	NM_MANE	2	0	0.0	2	0	0	0	0	2	0
CD8A	NG_IDRefseq	4	4	100.0	0	0	0	0	0	0	0
CD8A	NM_IDRefseq	8	2	25.0	6	0	0	0	0	6	0
CD8A	NM_MANE	8	2	25.0	6	0	0	0	0	6	0
CEBPE	NG_IDRefseq	2	2	100.0	0	0	0	0	0	0	0
CEBPE	NM_IDRefseq	5	0	0.0	0	0	5	0	0	5	0
CEBPE	NM_MANE	5	5	100.0	0	0	0	0	0	0	0
CFD	NM_IDRefseq	12	12	100.0	0	0	0	0	0	0	0
CFD	NM_MANE	12	12	100.0	0	0	0	0	0	0	0
CFI	NG_IDRefseq	18	18	100.0	0	0	0	0	0	0	0
CFI	NM_IDRefseq	25	0	0.0	0	0	25	0	0	25	0
CFI	NM_MANE	25	25	100.0	0	0	0	0	0	0	0
CFP	NG_IDRefseq	36	36	100.0	0	0	0	0	0	0	0
CFP	NM_IDRefseq	36	21	58.3	15	0	0	0	0	15	0
CIITA	NG_IDRefseq	7	7	100.0	0	0	0	0	0	0	0
CIITA	NM_IDRefseq	13	2	15.4	11	0	0	0	0	11	0
CIITA	NM_MANE	13	2	15.4	11	0	0	0	0	11	0
CTSC	NG_IDRefseq	124	123	99.2	1	0	0	0	0	1	0
CTSC	NM_IDRefseq	248	0	0.0	0	0	248	0	0	248	0
CTSC	NM_MANE	248	245	98.8	3	0	0	0	0	3	0
CXCR4	NG_IDRefseq	33	33	100.0	0	0	0	0	0	0	0
CXCR4	NM_IDRefseq	33	33	100.0	0	0	0	0	0	0	0
CXCR4	NM_MANE	33	33	100.0	0	0	0	0	0	0	0
CYBA	NG_IDRefseq	76	76	100.0	0	0	0	0	0	0	0
CYBA	NM_IDRefseq	162	0	0.0	0	0	162	0	0	162	0
CYBA	NM_MANE	162	160	98.8	2	0	0	0	0	2	0
CYBB	NG_IDRefseq	1051	1051	100.0	0	0	0	0	0	0	0
CYBB	NM_IDRefseq	1256	1249	99.4	5	0	0	0	2	5	2
CYBB	NM_MANE	1256	1249	99.4	5	0	0	0	2	5	2
DKC1	NG_IDRefseq	12	12	100.0	0	0	0	0	0	0	0
DKC1	NM_IDRefseq	13	0	0.0	0	0	13	0	0	13	0
DKC1	NM_MANE	13	13	100.0	0	0	0	0	0	0	0
DNMT3B	NM_IDRefseq	10	10	100.0	0	0	0	0	0	0	0
DNMT3B	NM_MANE	10	10	100.0	0	0	0	0	0	0	0
FASLG	NM_IDRefseq	3	3	100.0	0	0	0	0	0	0	0
FASLG	NM_MANE	3	3	100.0	0	0	0	0	0	0	0
FCGR1A	NG_IDRefseq	4	4	100.0	0	0	0	0	0	0	0
FCGR1A	NM_IDRefseq	8	8	100.0	0	0	0	0	0	0	0
FCGR1A	NM_MANE	8	8	100.0	0	0	0	0	0	0	0
FCGR3A	NG_IDRefseq	3	3	100.0	0	0	0	0	0	0	0
FCGR3A	NM_IDRefseq	6	6	100.0	0	0	0	0	0	0	0
FCGR3A	NM_MANE	6	6	100.0	0	0	0	0	0	0	0
FERMT3	NG_IDRefseq	23	23	100.0	0	0	0	0	0	0	0
FERMT3	NM_IDRefseq	46	38	82.6	6	0	0	0	2	6	2
FERMT3	NM_MANE	46	46	100.0	0	0	0	0	0	0	0
FOXN1	NM_IDRefseq	4	0	0.0	4	0	0	0	0	4	0
FOXN1	NM_MANE	4	0	0.0	4	0	0	0	0	4	0
FOXP3	NM_IDRefseq	44	40	90.9	0	4	0	0	0	4	0
FOXP3	NM_MANE	44	40	90.9	0	4	0	0	0	4	0
G6PC3	NG_IDRefseq	21	21	100.0	0	0	0	0	0	0	0
G6PC3	NM_IDRefseq	39	39	100.0	0	0	0	0	0	0	0
G6PC3	NM_MANE	39	39	100.0	0	0	0	0	0	0	0
GFI1	NG_IDRefseq	5	5	100.0	0	0	0	0	0	0	0
GFI1	NM_IDRefseq	5	0	0.0	0	0	5	0	0	5	0
GFI1	NM_MANE	5	5	100.0	0	0	0	0	0	0	0
HAX1	NG_IDRefseq	39	39	100.0	0	0	0	0	0	0	0
HAX1	NM_IDRefseq	74	74	100.0	0	0	0	0	0	0	0
HAX1	NM_MANE	74	74	100.0	0	0	0	0	0	0	0
IFNGR1	NM_IDRefseq	102	97	95.1	0	5	0	0	0	5	0
IFNGR1	NM_MANE	102	97	95.1	0	5	0	0	0	5	0
IFNGR2	NG_IDRefseq	9	9	100.0	0	0	0	0	0	0	0
IFNGR2	NM_IDRefseq	18	18	100.0	0	0	0	0	0	0	0
IFNGR2	NM_MANE	18	18	100.0	0	0	0	0	0	0	0
IGHG2	NG_IDRefseq	2	2	100.0	0	0	0	0	0	0	0
IGLL1	NG_IDRefseq	1	1	100.0	0	0	0	0	0	0	0
IGLL1	NM_IDRefseq	1	0	0.0	0	0	1	0	0	1	0
IGLL1	NM_MANE	1	0	0.0	1	0	0	0	0	1	0
IL12B	NG_IDRefseq	14	14	100.0	0	0	0	0	0	0	0
IL12RB1	NG_IDRefseq	31	31	100.0	0	0	0	0	0	0	0
IL2RA	NG_IDRefseq	1	1	100.0	0	0	0	0	0	0	0
IL7R	NG_IDRefseq	6	6	100.0	0	0	0	0	0	0	0
IL7R	NM_IDRefseq	11	0	0.0	0	0	11	0	0	11	0
IL7R	NM_MANE	11	2	18.2	9	0	0	0	0	9	0
IRAK4	NG_IDRefseq	23	23	100.0	0	0	0	0	0	0	0
IRAK4	NM_IDRefseq	41	41	100.0	0	0	0	0	0	0	0
IRAK4	NM_MANE	41	41	100.0	0	0	0	0	0	0	0
ITGB2	NG_IDRefseq	105	105	100.0	0	0	0	0	0	0	0
ITGB2	NM_IDRefseq	166	0	0.0	0	0	160	6	0	166	0
ITGB2	NM_MANE	166	159	95.8	1	0	0	6	0	7	0
JAK3	NG_IDRefseq	26	26	100.0	0	0	0	0	0	0	0
JAK3	NM_IDRefseq	42	42	100.0	0	0	0	0	0	0	0
JAK3	NM_MANE	42	42	100.0	0	0	0	0	0	0	0
LIG1	NG_IDRefseq	1	1	100.0	0	0	0	0	0	0	0
LIG1	NM_IDRefseq	1	0	0.0	0	0	1	0	0	1	0
LIG1	NM_MANE	1	1	100.0	0	0	0	0	0	0	0
LIG4	NG_IDRefseq	12	12	100.0	0	0	0	0	0	0	0
LIG4	NM_IDRefseq	14	14	100.0	0	0	0	0	0	0	0
LIG4	NM_MANE	14	14	100.0	0	0	0	0	0	0	0
LYST	NG_IDRefseq	38	38	100.0	0	0	0	0	0	0	0
MAPBPIP	NG_IDRefseq	4	4	100.0	0	0	0	0	0	0	0
MAPBPIP	NM_IDRefseq	8	8	100.0	0	0	0	0	0	0	0
MAPBPIP	NM_MANE	8	8	100.0	0	0	0	0	0	0	0
MASP2	NG_IDRefseq	1	1	100.0	0	0	0	0	0	0	0
MASP2	NM_IDRefseq	2	2	100.0	0	0	0	0	0	0	0
MASP2	NM_MANE	2	2	100.0	0	0	0	0	0	0	0
MLPH	NG_IDRefseq	1	1	100.0	0	0	0	0	0	0	0
MLPH	NM_IDRefseq	2	0	0.0	0	0	2	0	0	2	0
MLPH	NM_MANE	2	2	100.0	0	0	0	0	0	0	0
MRE11A	NG_IDRefseq	19	19	100.0	0	0	0	0	0	0	0
MRE11A	NM_IDRefseq	33	33	100.0	0	0	0	0	0	0	0
MRE11A	NM_MANE	33	33	100.0	0	0	0	0	0	0	0
MYO5A	NG_IDRefseq	2	2	100.0	0	0	0	0	0	0	0
MYO5A	NM_IDRefseq	4	4	100.0	0	0	0	0	0	0	0
MYO5A	NM_MANE	4	4	100.0	0	0	0	0	0	0	0
NCF1	NG_IDRefseq	31	31	100.0	0	0	0	0	0	0	0
NCF1	NM_IDRefseq	53	4	7.5	49	0	0	0	0	49	0
NCF1	NM_MANE	53	4	7.5	49	0	0	0	0	49	0
NCF2	NG_IDRefseq	86	86	100.0	0	0	0	0	0	0	0
NFKBIA	NG_IDRefseq	1	1	100.0	0	0	0	0	0	0	0
NFKBIA	NM_IDRefseq	1	1	100.0	0	0	0	0	0	0	0
NFKBIA	NM_MANE	1	1	100.0	0	0	0	0	0	0	0
NHEJ1	NG_IDRefseq	11	11	100.0	0	0	0	0	0	0	0
NHEJ1	NM_IDRefseq	18	18	100.0	0	0	0	0	0	0	0
NHEJ1	NM_MANE	18	18	100.0	0	0	0	0	0	0	0
NP	NG_IDRefseq	16	16	100.0	0	0	0	0	0	0	0
NP	NM_IDRefseq	24	24	100.0	0	0	0	0	0	0	0
NP	NM_MANE	24	24	100.0	0	0	0	0	0	0	0
NRAS	NM_IDRefseq	1	1	100.0	0	0	0	0	0	0	0
NRAS	NM_MANE	1	1	100.0	0	0	0	0	0	0	0
ORAI1	NG_IDRefseq	4	4	100.0	0	0	0	0	0	0	0
ORAI1	NM_IDRefseq	7	3	42.9	4	0	0	0	0	4	0
ORAI1	NM_MANE	7	0	0.0	0	0	7	0	0	7	0
PIK3R1	NM_IDRefseq	1	1	100.0	0	0	0	0	0	0	0
PIK3R1	NM_MANE	1	1	100.0	0	0	0	0	0	0	0
PRF1	NG_IDRefseq	153	153	100.0	0	0	0	0	0	0	0
PRF1	NM_IDRefseq	236	0	0.0	0	0	236	0	0	236	0
PRF1	NM_MANE	236	213	90.3	23	0	0	0	0	23	0
PRKDC	NG_IDRefseq	1	1	100.0	0	0	0	0	0	0	0
PTPN11	NM_IDRefseq	247	247	100.0	0	0	0	0	0	0	0
PTPN11	NM_MANE	247	247	100.0	0	0	0	0	0	0	0
PTPRC	NG_IDRefseq	8	1	12.5	7	0	0	0	0	7	0
PTPRC	NM_IDRefseq	9	6	66.7	3	0	0	0	0	3	0
PTPRC	NM_MANE	9	6	66.7	3	0	0	0	0	3	0
RAB27A	NG_IDRefseq	48	48	100.0	0	0	0	0	0	0	0
RAB27A	NM_IDRefseq	95	0	0.0	0	0	95	0	0	95	0
RAB27A	NM_MANE	95	95	100.0	0	0	0	0	0	0	0
RAC2	NG_IDRefseq	1	1	100.0	0	0	0	0	0	0	0
RAC2	NM_IDRefseq	2	0	0.0	0	0	2	0	0	2	0
RAC2	NM_MANE	2	2	100.0	0	0	0	0	0	0	0
RAD50	NG_IDRefseq	1	1	100.0	0	0	0	0	0	0	0
RAD50	NM_IDRefseq	1	1	100.0	0	0	0	0	0	0	0
RAD50	NM_MANE	1	1	100.0	0	0	0	0	0	0	0
RAG1	NG_IDRefseq	57	51	89.5	6	0	0	0	0	6	0
RAG1	NM_IDRefseq	82	72	87.8	10	0	0	0	0	10	0
RAG1	NM_MANE	82	72	87.8	10	0	0	0	0	10	0
RAG2	NG_IDRefseq	32	26	81.2	6	0	0	0	0	6	0
RASA1	NM_IDRefseq	3	3	100.0	0	0	0	0	0	0	0
RASA1	NM_MANE	3	3	100.0	0	0	0	0	0	0	0
RASGRP2	NM_IDRefseq	4	0	0.0	0	4	0	0	0	4	0
RASGRP2	NM_MANE	4	0	0.0	0	4	0	0	0	4	0
RFX5	NG_IDRefseq	4	4	100.0	0	0	0	0	0	0	0
RFX5	NM_IDRefseq	8	6	75.0	2	0	0	0	0	2	0
RFX5	NM_MANE	8	6	75.0	2	0	0	0	0	2	0
RFXANK	NG_IDRefseq	7	7	100.0	0	0	0	0	0	0	0
RFXANK	NM_IDRefseq	13	0	0.0	0	0	13	0	0	13	0
RFXANK	NM_MANE	13	8	61.5	5	0	0	0	5	5	5
RFXAP	NM_IDRefseq	14	4	28.6	10	0	0	0	0	10	0
RFXAP	NM_MANE	14	4	28.6	10	0	0	0	0	10	0
RNF168	NG_IDRefseq	1	1	100.0	0	0	0	0	0	0	0
SBDS	NG_IDRefseq	195	195	100.0	0	0	0	0	0	0	0
SBDS	NM_IDRefseq	234	0	0.0	0	0	234	0	0	234	0
SBDS	NM_MANE	234	234	100.0	0	0	0	0	0	0	0
SLC35C1	NG_IDRefseq	9	9	100.0	0	0	0	0	0	0	0
SLC35C1	NM_IDRefseq	18	18	100.0	0	0	0	0	0	0	0
SLC35C1	NM_MANE	18	18	100.0	0	0	0	0	0	0	0
SMARCAL1	NG_IDRefseq	39	39	100.0	0	0	0	0	0	0	0
SMARCAL1	NM_IDRefseq	57	57	100.0	0	0	0	0	0	0	0
SMARCAL1	NM_MANE	57	57	100.0	0	0	0	0	0	0	0
SP110	NG_IDRefseq	6	6	100.0	0	0	0	0	0	0	0
SPINK5	NG_IDRefseq	73	73	100.0	0	0	0	0	0	0	0
STAT1	NG_IDRefseq	9	9	100.0	0	0	0	0	0	0	0
STAT1	NM_IDRefseq	13	11	84.6	2	0	0	0	2	2	2
STAT1	NM_MANE	13	11	84.6	2	0	0	0	2	2	2
STAT2	NM_IDRefseq	10	0	0.0	0	10	0	0	0	10	0
STAT2	NM_MANE	10	0	0.0	0	10	0	0	0	10	0
STAT3	NG_IDRefseq	94	94	100.0	0	0	0	0	0	0	0
STAT3	NM_IDRefseq	94	94	100.0	0	0	0	0	0	0	0
STAT3	NM_MANE	94	94	100.0	0	0	0	0	0	0	0
STAT5B	NG_IDRefseq	4	4	100.0	0	0	0	0	0	0	0
STAT5B	NM_IDRefseq	8	8	100.0	0	0	0	0	0	0	0
STAT5B	NM_MANE	8	8	100.0	0	0	0	0	0	0	0
STIM1	NG_IDRefseq	2	2	100.0	0	0	0	0	0	0	0
STIM1	NM_IDRefseq	4	4	100.0	0	0	0	0	0	0	0
STIM1	NM_MANE	4	4	100.0	0	0	0	0	0	0	0
STX11	NG_IDRefseq	18	18	100.0	0	0	0	0	0	0	0
STX11	NM_IDRefseq	36	36	100.0	0	0	0	0	0	0	0
STX11	NM_MANE	36	36	100.0	0	0	0	0	0	0	0
STXBP2	NG_IDRefseq	20	20	100.0	0	0	0	0	0	0	0
STXBP2	NM_IDRefseq	52	0	0.0	0	0	52	0	0	52	0
STXBP2	NM_MANE	52	52	100.0	0	0	0	0	0	0	0
TAP1	NM_IDRefseq	10	10	100.0	0	0	0	0	0	0	0
TAP1	NM_MANE	10	10	100.0	0	0	0	0	0	0	0
TAP2	NM_IDRefseq	8	2	25.0	6	0	0	0	0	6	0
TAP2	NM_MANE	8	2	25.0	6	0	0	0	0	6	0
TAZ	NM_IDRefseq	86	65	75.6	0	21	0	0	0	21	0
TAZ	NM_MANE	86	65	75.6	0	21	0	0	0	21	0
TCN2	NM_IDRefseq	20	12	60.0	0	8	0	0	8	8	8
TCN2	NM_MANE	20	12	60.0	0	8	0	0	0	8	0
TLR3	NG_IDRefseq	3	3	100.0	0	0	0	0	0	0	0
TLR3	NM_IDRefseq	3	3	100.0	0	0	0	0	0	0	0
TLR3	NM_MANE	3	3	100.0	0	0	0	0	0	0	0
TMC6	NG_IDRefseq	11	11	100.0	0	0	0	0	0	0	0
TMC6	NM_IDRefseq	21	0	0.0	0	0	21	0	0	21	0
TMC6	NM_MANE	21	21	100.0	0	0	0	0	0	0	0
TMC8	NG_IDRefseq	10	10	100.0	0	0	0	0	0	0	0
TMC8	NM_IDRefseq	22	20	90.9	2	0	0	0	0	2	0
TMC8	NM_MANE	22	20	90.9	2	0	0	0	0	2	0
TNFRSF13B	NG_IDRefseq	69	69	100.0	0	0	0	0	0	0	0
TNFRSF13B	NM_IDRefseq	80	80	100.0	0	0	0	0	0	0	0
TNFRSF13B	NM_MANE	80	80	100.0	0	0	0	0	0	0	0
TYK2	NG_IDRefseq	1	1	100.0	0	0	0	0	0	0	0
UNC13D	NG_IDRefseq	49	49	100.0	0	0	0	0	0	0	0
UNC13D	NM_IDRefseq	107	104	97.2	3	0	0	0	0	3	0
UNC13D	NM_MANE	107	104	97.2	3	0	0	0	0	3	0
UNC93B1	NG_IDRefseq	1	1	100.0	0	0	0	0	0	0	0
UNC93B1	NM_IDRefseq	4	0	0.0	0	0	4	0	0	4	0
UNC93B1	NM_MANE	4	4	100.0	0	0	0	0	0	0	0
UNG	NG_IDRefseq	2	2	100.0	0	0	0	0	0	0	0
UNG	NM_IDRefseq	2	0	0.0	0	0	2	0	0	2	0
UNG	NM_MANE	2	2	100.0	0	0	0	0	0	0	0
ZAP70	NG_IDRefseq	16	16	100.0	0	0	0	0	0	0	0
ZAP70	NM_IDRefseq	30	30	100.0	0	0	0	0	0	0	0
ZAP70	NM_MANE	30	30	100.0	0	0	0	0	0	0	0
