gene,file,total_patients,total_variants,unique_variants,homozygous,heterozygous,hemizygous,no_variant,sex_XX,sex_XY,sex_other_or_unknown,is_x_linked
ADA,adapub.html,66,119,86,1,63,0,2,22,22,22,no
AICDA,aicdapub.html,30,95,44,3,26,0,1,10,19,1,no
AIRE,airepub.html,275,503,125,4,270,0,1,112,94,69,no
AK2,ak2pub.html,10,15,12,0,10,0,0,2,2,6,no
AP3B1,ap3b1pub.html,11,28,19,0,11,0,0,3,7,1,no
BIRC4,birc4pub.html,19,17,12,0,17,0,2,1,9,9,no
BLM,blmpub.html,146,297,109,0,126,0,20,9,7,130,no
BLNK,blnkpub.html,1,1,1,0,1,0,0,0,1,0,no
C1QA,c1qapub.html,9,10,5,0,9,0,0,3,3,3,no
C1QB,c1qbpub.html,5,5,3,0,5,0,0,2,2,1,no
C1QC,c1qcpub.html,5,6,5,0,5,0,0,0,1,4,no
C1S,c1spub.html,7,10,7,0,7,0,0,3,3,1,no
C2,c2pub.html,3,6,4,0,3,0,0,1,2,0,no
C3,c3pub.html,13,20,18,0,13,0,0,3,7,3,no
C5,c5pub.html,8,11,8,0,8,0,0,5,2,1,no
C6,c6pub.html,13,19,8,0,13,0,0,3,6,4,no
C7,c7pub.html,35,68,40,0,35,0,0,17,17,1,no
C8B,c8bpub.html,60,118,12,0,60,0,0,9,11,40,no
C9,c9pub.html,9,13,6,0,9,0,0,3,4,2,no
CARD9,card9pub.html,7,7,1,0,7,0,0,4,3,0,no
CASP10,casp10pub.html,2,2,2,0,2,0,0,1,1,0,no
CASP8,casp8pub.html,2,2,1,0,2,0,0,1,1,0,no
CD19,cd19pub.html,5,10,6,0,5,0,0,3,2,0,no
CD247,cd247pub.html,2,3,3,0,2,0,0,1,1,0,no
CD3D,cd3dpub.html,6,7,4,0,6,0,0,2,4,0,no
CD3E,cd3epub.html,2,2,2,0,1,0,1,1,1,0,no
CD3G,cd3gpub.html,4,1,1,0,1,0,3,0,4,0,no
CD40,cd40pub.html,4,4,3,0,4,0,0,3,1,0,no
CD40L;,cd40lpub.html,240,257,171,2,231,0,7,0,161,79,no
CD55,cd55pub.html,9,9,4,0,9,0,0,5,0,4,no
CD59,cd59pub.html,1,2,2,0,1,0,0,0,1,0,no
CD79A,cd79apub.html,2,2,2,0,2,0,0,1,1,0,no
CD79B,cd79bpub.html,1,1,1,0,1,0,0,1,0,0,no
CD8A,cd8apub.html,4,4,2,0,4,0,0,3,1,0,no
CEBPE,cebpepub.html,3,5,5,0,3,0,0,0,2,1,no
CFD,cfdpub.html,6,7,3,0,6,0,0,3,3,0,no
CFH,cfhpub.html,107,188,114,0,107,0,0,25,45,37,no
CFH,hf1pub.html,71,117,92,0,71,0,0,14,21,36,no
CFI,cfipub.html,19,31,21,0,19,0,0,10,8,1,no
CFP,cfppub.html,36,42,13,0,2,34,0,0,34,2,yes
CIITA,ciitapub.html,8,12,10,0,8,0,0,3,1,4,no
CTSC,ctscpub.html,137,196,96,0,137,0,0,61,44,32,no
CXCR4,cxcr4pub.html,33,36,7,0,33,0,0,19,7,7,no
CYBA,cybapub.html,91,135,77,1,89,0,1,45,36,10,no
CYBB,cybbpub.html,1412,1548,727,0,944,448,20,16,450,946,yes
DCLRE1C,dclre1cpub.html,54,79,41,1,50,0,3,7,5,42,no
DKC1,dkc1pub.html,13,14,8,0,0,13,0,0,13,0,yes
DNMT3B,dnmt3bbasepub.html,15,10,9,0,6,0,9,5,6,4,no
DNMT3B,dnmt3bpub.html,15,10,9,0,6,0,9,5,6,4,no
ELA2,ela2pub.html,160,166,61,0,98,62,0,60,62,38,yes
FASLG,faslgpub.html,2,3,3,0,2,0,0,1,1,0,no
FCGR1A,fcgr1apub.html,4,4,1,0,4,0,0,4,0,0,no
FCGR3A,fcgr3apub.html,3,3,1,0,3,0,0,1,2,0,no
FERMT3,fermt3pub.html,25,28,11,0,25,0,0,7,13,5,no
FOXN1,foxn1pub.html,2,2,1,0,2,0,0,2,0,0,no
FOXP3,foxp3pub.html,49,56,38,0,1,47,1,0,48,1,yes
G6PC3,g6pc3pub.html,22,24,15,0,21,0,1,10,11,1,no
GFI1,gfi1pub.html,5,5,3,0,5,0,0,1,4,0,no
HAX1,hax1pub.html,39,67,25,0,39,0,0,18,17,4,no
ICOS,icospub.html,4,13,3,1,3,0,0,1,2,1,no
IFNGR1,ifngr1pub.html,79,151,46,0,79,0,0,39,31,9,no
IFNGR2,ifngr2pub.html,9,16,12,0,9,0,0,3,6,0,no
IGHG2,ighg2pub.html,5,7,3,0,5,0,0,0,5,0,no
IGHM,ighmpub.html,17,22,10,0,15,0,2,6,10,1,no
IGLL1,igll1pub.html,1,2,2,0,1,0,0,0,1,0,no
IKBKG;,ikbkgpub.html,85,98,50,0,84,0,1,41,44,0,no
IL12B,il12bpub.html,14,28,6,0,14,0,0,11,3,0,no
IL12RB1,il12rb1pub.html,58,76,40,0,58,0,0,29,27,2,no
IL2RA,il2rapub.html,1,4,4,0,1,0,0,0,1,0,no
IL7R,il7rpub.html,7,11,8,0,7,0,0,0,6,1,no
IRAK4,irak4pub.html,23,38,19,0,23,0,0,11,12,0,no
ITGB2,itgb2pub.html,131,223,149,0,126,0,5,52,63,16,no
JAK3,jak3pub.html,31,64,60,0,31,0,0,11,10,10,no
LIG1,lig1pub.html,1,2,2,0,1,0,0,1,0,0,no
LIG4,lig4pub.html,12,29,18,0,12,0,0,7,1,4,no
LRRC8A,lrrc8apub.html,1,0,0,0,0,0,1,1,0,0,no
LYST,lystpub.html,39,58,51,1,38,0,0,4,14,21,no
MAPBPIP,mapbpippub.html,4,4,1,0,4,0,0,2,2,0,no
MASP2,masp2pub.html,1,1,1,0,1,0,0,0,1,0,no
MLPH,mlphpub.html,1,1,1,0,1,0,0,0,1,0,no
MPO,mpopub.html,39,79,24,0,39,0,0,21,14,4,no
MRE11A,mre11apub.html,19,29,12,0,19,0,0,9,10,0,no
MYO5A,myo5apub.html,2,4,4,0,2,0,0,1,1,0,no
NCF1,NCF1pub.html,32,42,14,0,32,0,0,13,18,1,no
NCF2,ncf2pub.html,112,176,110,0,112,0,0,44,52,16,no
NFKBIA,nfkbiapub.html,1,2,2,0,1,0,0,0,1,0,no
NHEJ1,nhej1pub.html,11,20,15,0,11,0,0,0,0,11,no
NP,nppub.html,16,25,22,0,16,0,0,3,5,8,no
NRAS,nraspub.html,1,1,1,0,1,0,0,0,1,0,no
ORAI1,orai1pub.html,4,6,5,0,0,4,0,0,4,0,yes
PIK3R1,pik3r1pub.html,1,1,1,0,1,0,0,0,0,1,no
PRF1,prf1pub.html,153,243,132,0,153,0,0,48,54,51,no
PRKDC,prkdcpub.html,1,3,3,0,1,0,0,1,0,0,no
"PTPN11,",ptpn11pub.html,249,249,37,0,249,0,0,8,20,221,no
PTPRC,ptprcpub.html,9,11,6,1,8,0,0,3,6,0,no
RAB27A,rab27apub.html,50,85,37,0,50,0,0,13,20,17,no
RAC2,rac2pub.html,1,1,1,0,1,0,0,0,1,0,no
RAD50,rad50pub.html,1,2,2,0,1,0,0,1,0,0,no
RAG1,rag1pub.html,57,183,146,0,57,0,0,24,10,23,no
RAG2,rag2pub.html,33,69,49,0,33,0,0,4,7,22,no
RASA1,rasa1pub.html,3,3,3,0,3,0,0,0,0,3,no
RASGRP2,rasgrp2pub.html,2,2,1,0,2,0,0,1,1,0,no
RFX5,rfx5pub.html,8,8,6,0,8,0,0,0,1,7,no
RFXANK,rfxankpub.html,30,31,13,0,30,0,0,1,1,28,no
RFXAP,rfxappub.html,7,9,4,0,7,0,0,0,0,7,no
RNF168,rnf168pub.html,1,4,4,0,1,0,0,0,0,1,no
SBDS,sbdspub.html,223,606,52,0,223,0,0,38,70,115,no
SERPING1,serping1pub.html,288,309,179,0,264,0,24,28,25,235,no
SH2D1A,SH2D1Apub.html,130,28,16,0,16,11,103,0,101,29,yes
SLC35C1,slc35c1pub.html,9,11,8,0,9,0,0,1,2,6,no
SMARCAL1,smarcal1pub.html,43,78,59,0,43,0,0,13,22,8,no
SP110,sp110pub.html,6,12,4,0,6,0,0,3,3,0,no
SPINK5,spink5pub.html,87,179,100,0,87,0,0,13,16,58,no
STAT1,stat1pub.html,9,14,10,0,9,0,0,6,3,0,no
STAT2,stat2pub.html,5,5,1,0,5,0,0,4,1,0,no
STAT3,stat3pub.html,94,107,35,0,94,0,0,35,29,30,no
STAT5B,stat5bpub.html,4,7,7,0,4,0,0,3,1,0,no
STIM1,stim1pub.html,2,2,1,0,2,0,0,1,1,0,no
STX11,stx11pub.html,19,32,10,0,19,0,0,10,9,0,no
STXBP2,stxbp2pub.html,27,46,17,0,27,0,0,3,3,21,no
TAP1,tap1pub.html,6,6,4,0,6,0,0,2,3,1,no
TAP2,tap2pub.html,4,4,3,0,4,0,0,3,1,0,no
TAPBP,tapbppub.html,1,0,0,0,0,0,1,1,0,0,no
TAZ,tazpub.html,86,91,50,0,0,86,0,0,86,0,yes
TCIRG1,tcirg1pub.html,38,58,43,0,38,0,0,0,3,35,no
TCN2,tcn2pub.html,12,22,19,0,12,0,0,8,2,2,no
TLR3,tlr3pub.html,3,3,2,0,3,0,0,3,0,0,no
TMC6,tmc6pub.html,11,15,9,0,11,0,0,5,6,0,no
TMC8,tmc8pub.html,11,16,11,0,11,0,0,4,7,0,no
TNFRSF13B,tnfrsf13bpub.html,70,78,18,0,70,0,0,34,33,3,no
TYK2,tyk2pub.html,1,2,2,0,1,0,0,0,1,0,no
UNC13D,unc13dpub.html,71,137,84,0,71,0,0,24,35,12,no
UNC93B1,unc93b1pub.html,2,3,3,0,2,0,0,1,1,0,no
UNG,ungpub.html,3,7,7,0,3,0,0,0,2,1,no
WAS,waspub.html,263,276,128,0,178,84,1,1,85,177,yes
ZAP70,zap70pub.html,17,38,16,0,17,0,0,8,3,6,no
TOTAL,136 files,6259,8790,4158,15,5236,789,219,1217,2261,2781,
