chrom	pos	ref	alt	gene	accession_count	accessions
chr1	11050597	A	G	MASP2	1	M0001
chr1	22632952	NG	N	C1QA	1	C0011
chr1	22634470	C	T	C1QA	7	C0001,C0002,C0003,C0004,C0005,C0006,C0007
chr1	22634496	G	A	C1QA	1	C0010
chr1	22640281	G	A	C1QC	1	C0001
chr1	22643408	C	T	C1QC	2	C0004,C0003
chr1	22643416	NC	N	C1QC	1	C0002
chr1	22643429	G	A	C1QC	1	C0005
chr1	22655640	G	A	C1QB	3	C0002,C0003,C0004
chr1	22657212	C	T	C1QB	1	C0001
chr1	22657413	G	A	C1QB	1	C0007
chr1	33013345	C	T	AK2	1	A0004
chr1	33013378	NC	N	AK2	1	A0003
chr1	33014526	A	G	AK2	2	A0001,A0002
chr1	33014567	NC	N	AK2	2	A0009,A0010
chr1	33021616	C	T	AK2	1	A0005
chr1	33036804	G	T	AK2	1	A0006
chr1	33036828	A	G	AK2	1	A0007
chr1	56941255	C	T	C8B	47	C0001,C0002,C0003,C0004,C0005,C0006,C0007,C0008,C0009,C0010,C0011,C0012,C0013,C0014,C0057,C0015,C0016,C0017,C0018,C0019,C0020,C0021,C0022,C0023,C0024,C0025,C0026,C0027,C0028,C0029,C0030,C0031,C0032,C0033,C0034,C0035,C0036,C0037,C0038,C0039,C0040,C0041,C0042,C0043,C0044,C0058,C0059
chr1	56949889	C	T	C8B	1	C0045
chr1	56957089	C	T	C8B	5	C0046,C0047,C0054,C0055,C0056
chr1	56957114	NC	N	C8B	2	C0052,C0053
chr1	56957179	C	T	C8B	5	C0048,C0049,C0050,C0051,C0060
chr1	92480045	A	G	GFI1	1	G0004
chr1	92480108	A	G	GFI1	3	G0001,G0002,G0003
chr1	92487336	G	A	GFI1	1	G0005
chr1	149780231	C	T	FCGR1A	4	F0001,F0002,F0003,F0004
chr1	151343076	C	T	RFX5	1	R0005
chr1	151343157	C	T	RFX5	1	R0001
chr1	151344444	G	A	RFX5	2	R0007,R0008
chr1	154273373	NG	N	HAX1	1	H0031
chr1	154273412	N	NA	HAX1	19	H0001,H0002,H0003,H0004,H0005,H0006,H0007,H0008,H0009,H0010,H0011,H0012,H0013,H0015,H0016,H0017,H0018,H0019,H0020
chr1	154273456	N	NC	HAX1	1	H0027
chr1	154273462	NA	N	HAX1	1	H0024
chr1	154273538	C	T	HAX1	4	H0014,H0028,H0029,H0030
chr1	154273825	NAGACACTTCGGGAC	N	HAX1	1	H0026
chr1	154273846	T	G	HAX1	1	H0034
chr1	154273866	C	T	HAX1	1	H0035
chr1	154273878	T	C	HAX1	2	H0032,H0033
chr1	154273887	N	NG	HAX1	1	H0025
chr1	154273888	T	G	HAX1	2	H0038,H0037
chr1	154273920	N	NC	HAX1	1	H0036
chr1	154274959	G	A	HAX1	1	H0039
chr1	154275165	C	T	HAX1	3	H0021,H0022,H0023
chr1	156054309	C	A	MAPBPIP	4	M0001,M0002,M0003,M0004
chr1	161553405	T	A	FCGR3A	3	F0001,F0002,F0003
chr1	167437054	N	NC	CD247	1	C0002
chr1	167443374	C	T	CD247	1	C0001
chr1	183563198	NCACA	N	NCF2	1	M0121
chr1	183563229	A	T	NCF2	1	M0019
chr1	183563437	NAAGCT	N	NCF2	7	M0055,M0056,M0057,M0058,M0068,M0069,M0070
chr1	183563439	NCTAAG	N	NCF2	2	M0005,M0028
chr1	183563492	C	T	NCF2	1	M0120
chr1	183563496	C	A	NCF2	1	M0117
chr1	183563513	C	T	NCF2	1	M0083
chr1	183567223	NAC	N	NCF2	2	M0017,M0082
chr1	183567259	NGT	N	NCF2	1	M0062
chr1	183567291	N	DUP	NCF2	1	M0090
chr1	183567331	NA	N	NCF2	2	M0026,M0027
chr1	183573189	C	T	NCF2	4	M0033,M0042,M0043,M0044
chr1	183573206	NAAG	N	NCF2	1	M0100
chr1	183573220	C	T	NCF2	1	M0034
chr1	183573243	G	C	NCF2	1	M0052
chr1	183573244	C	T	NCF2	1	M0064
chr1	183573289	C	G	NCF2	1	M0081
chr1	183574506	NA	N	NCF2	1	M0088
chr1	183574509	A	T	NCF2	1	M0012
chr1	183574579	T	A	NCF2	1	M0072
chr1	183574589	N	DUP	NCF2	1	M0006
chr1	183574599	T	G	NCF2	1	M0115
chr1	183574605	C	T	NCF2	2	M0013,M0014
chr1	183577598	G	A	NCF2	1	M0114
chr1	183577642	A	T	NCF2	1	M0022
chr1	183577660	G	C	NCF2	1	M0099
chr1	183577661	C	T	NCF2	9	M0001,M0035,M0036,M0037,M0038,M0039,M0075,M0079,M0098
chr1	183577667	C	T	NCF2	3	M0045,M0046,M0122
chr1	183577676	NAAG	N	NCF2	1	M0097
chr1	183577686	C	G	NCF2	7	M0030,M0031,M0032,M0047,M0048,M0049,M0050
chr1	183586919	G	A	NCF2	1	M0002
chr1	183586922	G	A	NCF2	3	M0016,M0089,M0096
chr1	183586923	C	T	NCF2	6	M0029,M0040,M0041,M0067,M0078,M0095
chr1	183586956	C	T	NCF2	2	M0053,M0054
chr1	183590156	NAAG	N	NCF2	2	M0009,M0094
chr1	183590172	T	A	NCF2	1	M0113
chr1	183590172	T	C	NCF2	2	M0118,M0119
chr1	183590200	G	T	NCF2	1	M0093
chr1	183590200	G	C	NCF2	2	M0023,M0074
chr1	183590205	A	G	NCF2	1	M0086
chr1	183590267	NAAGAAGGAC	N	NCF2	4	M0004,M0015,M0021,M0084
chr1	183590301	G	A	NCF2	1	M0091
chr1	183590329	A	G	NCF2	1	M0092
chr1	198696771	C	A	PTPRC	1	P0003
chr1	198696789	C	G	PTPRC	6	P0004,P0005,P0006,P0007,P0008,P0009
chr1	198709742	NATGAGT	N	PTPRC	1	P0002
chr1	207319435	G	A	CD55	2	D0005,D0007
chr1	207322544	C	T	CD55	1	D0009
chr1	207323662	C	T	CD55	5	D0001,D0002,D0003,D0004,D0008
chr1	235677127	G	T	LYST	1	C0037
chr1	235697252	NA	N	LYST	1	C0017
chr1	235716749	NA	N	LYST	3	C0006,C0015,C0035
chr1	235729542	N	.	LYST	1	C0014
chr1	235733859	G	A	LYST	2	C0027,C0028
chr1	235752077	NT	N	LYST	1	C0012
chr1	235755641	NCTATTAG	N	LYST	1	C0013
chr1	235766122	C	A	LYST	2	C0021,C0022
chr1	235766204	T	A	LYST	1	C0026
chr1	235775028	NC	N	LYST	1	C0034
chr1	235777206	NA	N	LYST	2	C0029,C0030
chr1	235781018	T	A	LYST	1	C0024
chr1	235781946	NA	N	LYST	1	C0033
chr1	235788701	G	A	LYST	1	C0025
chr1	235791968	NT	N	LYST	1	C0023
chr1	235793567	C	G	LYST	1	C0020
chr1	235800326	T	G	LYST	1	C0038
chr1	235802998	C	T	LYST	1	C0036
chr1	235804625	N	NA	LYST	1	C0019
chr1	235805826	C	T	LYST	2	C0008,C0011
chr1	235806051	C	T	LYST	1	C0003
chr1	235806062	NAA	N	LYST	1	C0002
chr1	235806516	NT	N	LYST	2	C0010,C0016
chr1	235806682	NA	N	LYST	1	C0018
chr1	235808915	N	NA	LYST	1	C0005
chr1	235809278	C	T	LYST	1	C0031
chr1	235809351	NG	N	LYST	1	C0007
chr1	235810243	N	NT	LYST	1	C0032
chr1	235830270	C	T	LYST	1	C0004
chr1	235830299	N	NG	LYST	2	C0001,C0009
chr2	86812337	G	A	CD8A	4	C0001,C0002,C0003,C0004
chr2	97724275	C	A	ZAP70	1	Z0006
chr2	97734640	T	G	ZAP70	1	Z0016
chr2	97737784	NAAGTGGTACGCAC	N	ZAP70	2	Z0004,Z0011
chr2	97737794	C	T	ZAP70	5	Z0007,Z0008,Z0013,Z0014,Z0015
chr2	97737828	C	A	ZAP70	3	Z0005,Z0009,Z0010
chr2	97737984	G	A	ZAP70	3	Z0001,Z0002,Z0003
chr2	97738061	T	C	ZAP70	1	Z0017
chr2	136114901	G	T	CXCR4	2	C0014,C0015
chr2	136114907	NT	N	CXCR4	1	C0028
chr2	136114911	NCT	N	CXCR4	3	C0016,C0017,C0025
chr2	136114915	C	G	CXCR4	5	C0022,C0023,C0026,C0033,C0034
chr2	136114922	G	T	CXCR4	2	C0020,C0021
chr2	136114928	C	T	CXCR4	20	C0001,C0002,C0003,C0004,C0005,C0006,C0007,C0008,C0009,C0010,C0011,C0012,C0013,C0019,C0024,C0027,C0029,C0030,C0031,C0032
chr2	190975830	T	C	STAT1	2	S0001,S0002
chr2	190975861	C	T	STAT1	2	S0008,S0009
chr2	190978930	T	C	STAT1	1	S0004
chr2	190978968	NAG	N	STAT1	1	S0003
chr2	190983699	G	T	STAT1	1	S0007
chr2	190991307	G	C	STAT1	2	S0005,S0006
chr2	201204084	C	T	CASP10	1	C0001
chr2	201205345	G	A	CASP10	1	C0002
chr2	201248249	C	T	CASP8	2	C0001,C0002
chr2	216414707	G	A	SMARCAL1	1	S0043
chr2	216414753	C	T	SMARCAL1	1	S0006
chr2	216415042	N	NAGTCCAC	SMARCAL1	2	S0032,S0039
chr2	216416281	T	C	SMARCAL1	3	S0021,S0022,S0023
chr2	216420391	C	T	SMARCAL1	1	S0019
chr2	216420436	C	T	SMARCAL1	1	S0031
chr2	216423665	G	C	SMARCAL1	1	S0034
chr2	216423668	G	T	SMARCAL1	1	S0003
chr2	216428696	N	NC	SMARCAL1	1	S0027
chr2	216432785	G	C	SMARCAL1	2	S0010,S0029
chr2	216432810	G	A	SMARCAL1	1	S0035
chr2	216432822	C	T	SMARCAL1	1	S0036
chr2	216435495	T	A	SMARCAL1	1	S0017
chr2	216438456	C	T	SMARCAL1	2	S0024,S0025
chr2	216447043	C	T	SMARCAL1	1	S0030
chr2	216447063	C	T	SMARCAL1	2	S0001,S0002
chr2	216450928	G	A	SMARCAL1	2	S0040,S0041
chr2	216450933	A	C	SMARCAL1	1	S0013
chr2	216450934	A	C	SMARCAL1	1	S0018
chr2	216475287	NATCGATGGCTCCACCTCATC	N	SMARCAL1	1	S0033
chr2	216475288	T	G	SMARCAL1	1	S0037
chr2	216475345	C	A	SMARCAL1	1	S0008
chr2	216477140	G	A	SMARCAL1	5	S0011,S0004,S0012,S0015,S0042
chr2	216477143	T	G	SMARCAL1	1	S0038
chr2	216478216	G	T	SMARCAL1	4	S0016,S0005,S0014,S0026
chr2	219140319	C	T	NHEJ1	2	N0002,N0011
chr2	219141243	C	T	NHEJ1	1	N0010
chr2	219141274	N	NA	NHEJ1	2	N0008,N0009
chr2	219151769	NG	N	NHEJ1	1	N0004
chr2	219151769	A	T	NHEJ1	1	N0004
chr2	219151777	C	G	NHEJ1	3	N0001,N0005,N0007
chr2	219151935	N	NT	NHEJ1	1	N0006
chr2	230216543	NC	N	SP110	5	S0001,S0002,S0003,S0004,S0005
chr2	230221059	NC	N	SP110	1	S0006
chr2	237489532	C	T	MLPH	1	M0001
chr3	196491380	N	NG	RNF168	1	R0001
chr4	109746398	A	T	CFI	2	I0001,I0002
chr4	109746474	N	DUP	CFI	2	I0005,I0006
chr4	109749260	A	C	CFI	1	I0018
chr4	109749524	T	C	CFI	1	I0014
chr4	109752492	A	G	CFI	1	I0016
chr4	109752501	G	A	CFI	1	I0004
chr4	109760523	G	A	CFI	4	I0009,I0010,I0011,I0003
chr4	109760556	T	G	CFI	3	I0007,I0008,I0019
chr4	109761627	A	G	CFI	1	I0012
chr4	109761690	G	A	CFI	1	I0013
chr4	109766613	G	A	CFI	1	I0015
chr4	186078632	T	C	TLR3	1	T0001
chr4	186079384	C	T	TLR3	2	T0002,T0003
chr5	35863124	C	T	IL7R	1	I0005
chr5	35869617	G	A	IL7R	1	I0010
chr5	35873228	C	T	IL7R	3	I0001,I0002,I0003
chr5	35875637	G	A	IL7R	1	I0004
chr5	35875716	C	T	IL7R	1	I0009
chr5	39344519	T	G	C9	1	C0003
chr5	39344528	C	T	C9	5	C0004,C0005,C0006,C0007,C0008
chr5	39345364	C	A	C9	3	C0001,C0009,C0002
chr5	41196524	NG	N	C6	2	C0004,C0006
chr5	41214266	NC	N	C6	3	C0007,C0008,C0009
chr5	41219268	NG	N	C6	4	C0010,C0012,C0013,C0011
chr5	41241250	NC	N	C6	1	C0005
chr5	78141268	C	T	AP3B1	1	A0003
chr5	78156252	T	C	AP3B1	1	A0004
chr5	78175565	N	.	AP3B1	2	A0001,A0002
chr5	78175815	N	TATCAATATC	AP3B1	2	A0008,A0009
chr5	78181545	A	T	AP3B1	1	A0007
chr5	78267568	NAGAG	N	AP3B1	1	A0010
chr5	132614229	C	T	RAD50	1	R0001
chr5	148065372	G	A	SPINK5	1	S0001
chr5	148065374	T	A	SPINK5	3	S0044,S0045,S0029
chr5	148070377	C	T	SPINK5	1	S0014
chr5	148070394	NT	N	SPINK5	8	S0002,S0003,S0046,S0047,S0048,S0049,S0050,S0053
chr5	148072176	N	NG	SPINK5	6	S0004,S0020,S0021,S0036,S0038,S0039
chr5	148086403	A	T	SPINK5	1	S0005
chr5	148086429	G	T	SPINK5	1	S0015
chr5	148086476	NTTGT	N	SPINK5	1	S0079
chr5	148086497	NAT	N	SPINK5	1	S0069
chr5	148086499	NAT	N	SPINK5	7	S0051,S0052,S0074,S0075,S0076,S0077,S0083
chr5	148086511	N	DUP	SPINK5	2	S0022,S0023
chr5	148086513	N	NCGTG	SPINK5	1	S0019
chr5	148086521	NTG	N	SPINK5	2	S0057,S0058
chr5	148089492	A	G	SPINK5	1	S0017
chr5	148089600	NGT	N	SPINK5	2	S0067,S0068
chr5	148091190	C	T	SPINK5	2	S0040,S0041
chr5	148091211	C	T	SPINK5	1	S0064
chr5	148091214	C	T	SPINK5	1	S0024
chr5	148094402	N	NT	SPINK5	1	S0054
chr5	148094407	N	NT	SPINK5	1	S0006
chr5	148099255	N	DUP	SPINK5	1	S0028
chr5	148099271	C	T	SPINK5	1	S0078
chr5	148099309	NAT	N	SPINK5	1	S0007
chr5	148100472	C	T	SPINK5	1	S0042
chr5	148100511	NGA	N	SPINK5	2	S0025,S0026
chr5	148100582	G	C	SPINK5	1	S0063
chr5	148101829	N	NT	SPINK5	1	S0080
chr5	148104940	G	A	SPINK5	1	S0060
chr5	148108752	G	A	SPINK5	1	S0035
chr5	148114361	G	A	SPINK5	1	S0016
chr5	148116452	G	T	SPINK5	1	S0085
chr5	148118461	C	T	SPINK5	2	S0065,S0066
chr5	148119005	A	T	SPINK5	2	S0061,S0062
chr5	148119008	N	NA	SPINK5	1	S0032
chr5	148120063	C	T	SPINK5	3	S0070,S0073,S0010
chr5	148120321	NA	N	SPINK5	4	S0030,S0031,S0081,S0084
chr5	148120321	N	NA	SPINK5	5	S0011,S0012,S0013,S0043,S0059
chr5	159322022	N	.	IL12B	2	I0001,I0002
chr5	159323098	N	NA	IL12B	9	I0003,I0004,I0005,I0006,I0007,I0008,I0009,I0010,I0011
chr5	159323114	NTTCGCTCC	N	IL12B	3	I0012,I0013,I0014
chr6	31924648	G	A	C2	1	C0001
chr6	31929823	N	.	C2	2	C0002,C0003
chr6	144183604	NC	N	STX11	1	S0014
chr6	144183863	N	TGG	STX11	9	S0001,S0002,S0003,S0004,S0005,S0006,S0007,S0011,S0012
chr6	144184075	NTGGC	N	STX11	3	S0017,S0018,S0019
chr6	144184296	C	T	STX11	5	S0008,S0009,S0013,S0015,S0016
chr7	66988472	C	T	SBDS	2	S0103,S0135
chr7	66991255	G	T	SBDS	1	S0183
chr7	66991256	C	T	SBDS	1	S0104
chr7	66993218	A	G	SBDS	1	S0181
chr7	66993248	C	T	SBDS	1	S0180
chr7	66993248	C	G	SBDS	1	S0199
chr7	66993314	A	C	SBDS	1	S0169
chr7	66993368	NCA	N	SBDS	1	S0131
chr7	66993376	NAAGA	N	SBDS	5	S0145,S0153,S0163,S0177,S0178
chr7	66993381	NAAAG	N	SBDS	2	S0004,S0005
chr7	66993392	NTCAAGT	N	SBDS	1	S0176
chr7	66993416	T	C	SBDS	1	S0127
chr7	66994220	T	C	SBDS	1	S0165
chr7	66994258	T	C	SBDS	2	S0175,S0191
chr7	66994286	N	CT	SBDS	158	S0002,S0003,S0006,S0007,S0008,S0009,S0010,S0011,S0012,S0013,S0014,S0015,S0016,S0017,S0018,S0019,S0020,S0021,S0022,S0023,S0024,S0025,S0026,S0027,S0028,S0029,S0030,S0031,S0032,S0033,S0034,S0035,S0036,S0037,S0038,S0039,S0040,S0041,S0042,S0043,S0044,S0045,S0046,S0047,S0048,S0049,S0050,S0051,S0052,S0053,S0054,S0055,S0056,S0057,S0058,S0059,S0060,S0061,S0062,S0063,S0064,S0065,S0066,S0067,S0068,S0069,S0070,S0071,S0072,S0073,S0074,S0075,S0076,S0077,S0078,S0079,S0080,S0081,S0082,S0083,S0084,S0085,S0093,S0094,S0095,S0096,S0097,S0098,S0099,S0100,S0101,S0102,S0105,S0106,S0107,S0108,S0109,S0110,S0111,S0112,S0113,S0114,S0115,S0116,S0117,S0118,S0119,S0121,S0122,S0129,S0133,S0134,S0136,S0137,S0138,S0139,S0142,S0143,S0144,S0147,S0148,S0149,S0150,S0151,S0152,S0154,S0155,S0157,S0158,S0159,S0160,S0161,S0162,S0164,S0166,S0167,S0179,S0185,S0187,S0190,S0192,S0194,S0196,S0197,S0198,S0200,S0201,S0202,S0203,S0205,S0206,S0212,S0215,S0216,S0218,S0219,S0220,S0221
chr7	66994339	A	G	SBDS	2	S0125,S0126
chr7	66995295	NC	N	SBDS	1	S0174
chr7	66995299	NG	N	SBDS	2	S0123,S0124
chr7	66995311	NT	N	SBDS	1	S0193
chr7	66995317	A	T	SBDS	3	S0132,S0173,S0189
chr7	66995317	A	G	SBDS	1	S0223
chr7	66995318	N	NA	SBDS	1	S0001
chr7	66995321	A	G	SBDS	1	S0172
chr7	66995323	A	G	SBDS	1	S0140
chr7	66995325	C	G	SBDS	1	S0171
chr7	66995339	T	C	SBDS	1	S0195
chr7	66995362	G	A	SBDS	1	S0170
chr7	74777269	NGT	N	NCF1	26	N0004,N0005,N0006,N0007,N0009,N0010,N0011,N0012,N0013,N0014,N0015,N0016,N0017,N0018,N0019,N0020,N0021,N0022,N0023,N0027,N0028,N0029,N0031,N0032,N0033,N0034
chr7	74777319	G	A	NCF1	1	N0035
chr7	74782989	NG	N	NCF1	1	N0002
chr7	74783061	G	A	NCF1	1	N0036
chr7	74783529	G	A	NCF1	2	N0024,N0025
chr8	47862710	NGAG	N	PRKDC	1	P0001
chr9	120965397	C	T	C5	2	C0003,C0004
chr9	121020010	N	CTCT	C5	1	C0006
chr9	121026053	A	G	C5	1	C0005
chr9	121028228	C	T	C5	2	C0007,C0008
chr9	121052840	C	T	C5	2	C0001,C0002
chr10	6027694	C	T	IL2RA	1	I0002
chr10	70598145	NT	N	PRF1	1	P0104
chr10	70598153	C	A	PRF1	1	P0149
chr10	70598250	G	A	PRF1	1	P0115
chr10	70598279	A	C	PRF1	1	P0146
chr10	70598292	C	G	PRF1	1	P0139
chr10	70598345	C	T	PRF1	2	P0074,P0075
chr10	70598372	C	T	PRF1	2	P0079,P0081
chr10	70598417	C	T	PRF1	2	P0086,P0093
chr10	70598459	T	G	PRF1	1	P0116
chr10	70598599	G	A	PRF1	22	P0002,P0004,P0009,P0010,P0011,P0012,P0022,P0023,P0024,P0025,P0068,P0120,P0121,P0122,P0123,P0124,P0125,P0126,P0127,P0150,P0151,P0152
chr10	70598630	NCT	N	PRF1	5	P0030,P0031,P0036,P0076,P0142
chr10	70598638	NG	N	PRF1	3	P0026,P0027,P0028
chr10	70598687	C	T	PRF1	1	P0006
chr10	70598772	G	A	PRF1	1	P0141
chr10	70598805	G	A	PRF1	1	P0140
chr10	70598807	G	A	PRF1	1	P0088
chr10	70598859	NAGAAGCACAAGA	N	PRF1	1	P0064
chr10	70598866	NAAG	N	PRF1	1	P0015
chr10	70598940	G	A	PRF1	1	P0069
chr10	70598966	A	G	PRF1	4	P0138,P0137,P0008,P0092
chr10	70599003	C	G	PRF1	1	P0103
chr10	70599026	G	A	PRF1	2	P0065,P0066
chr10	70599027	C	T	PRF1	2	P0021,P0038
chr10	70599048	C	T	PRF1	4	P0005,P0055,P0058,P0136
chr10	70599050	T	A	PRF1	1	P0013
chr10	70599055	C	A	PRF1	6	P0049,P0102,P0119,P0135,P0147,P0148
chr10	70599056	A	G	PRF1	1	P0043
chr10	70599059	C	T	PRF1	1	P0020
chr10	70599063	G	C	PRF1	1	P0132
chr10	70599063	G	A	PRF1	3	P0019,P0133,P0134
chr10	70599064	C	A	PRF1	1	P0018
chr10	70599120	C	A	PRF1	1	P0101
chr10	70599144	T	C	PRF1	1	P0037
chr10	70599173	T	G	PRF1	1	P0007
chr10	70600374	C	T	PRF1	1	P0114
chr10	70600400	G	A	PRF1	2	P0143,P0145
chr10	70600434	T	G	PRF1	1	P0045
chr10	70600454	C	A	PRF1	1	P0059
chr10	70600458	G	A	PRF1	10	P0056,P0057,P0094,P0095,P0099,P0100,P0130,P0131,P0153,P0154
chr10	70600535	G	A	PRF1	1	P0109
chr10	70600598	G	T	PRF1	1	P0144
chr10	70600620	T	C	PRF1	1	P0017
chr10	70600631	C	T	PRF1	23	P0062,P0063,P0082,P0083,P0084,P0087,P0089,P0090,P0091,P0096,P0105,P0107,P0108,P0110,P0111,P0112,P0113,P0117,P0118,P0129,P0155,P0156,P0157
chr10	70600638	C	A	PRF1	3	P0072,P0073,P0128
chr10	70600696	NC	N	PRF1	4	P0029,P0035,P0077,P0078
chr10	70600713	C	T	PRF1	1	P0003
chr10	70600755	G	A	PRF1	2	P0014,P0060
chr10	70600770	G	A	PRF1	1	P0042
chr10	70600787	C	A	PRF1	1	P0041
chr10	70600791	G	A	PRF1	1	P0098
chr10	70600853	NT	N	PRF1	16	P0001,P0016,P0039,P0040,P0044,P0046,P0047,P0048,P0050,P0051,P0052,P0053,P0054,P0070,P0071,P0085
chr10	70600892	G	A	PRF1	1	P0106
chr10	70600900	G	A	PRF1	3	P0061,P0067,P0097
chr11	4051548	G	T	STIM1	2	S0001,S0002
chr11	33721415	NC	N	CD59	1	C0001
chr11	36567380	NAA	N	RAG1	4	R0019,R0036,R0011,R0021
chr11	36567899	NA	N	RAG1	1	R0041
chr11	36568310	C	T	RAG1	1	R0008
chr11	36568311	G	T	RAG1	1	R0034
chr11	36568353	G	A	RAG1	1	R0014
chr11	36568421	G	A	RAG1	1	R0031
chr11	36568545	G	A	RAG1	1	R0030
chr11	36568805	C	T	RAG1	1	R0009
chr11	36573558	NCTA	N	RAG1	2	R0065,R0080
chr11	36573560	NAA	N	RAG1	3	R0049,R0062,R0084
chr11	36573728	C	T	RAG1	1	R0093
chr11	36573823	NT	N	RAG1	4	R0044,R0046,R0051,R0082
chr11	36574046	C	T	RAG1	1	R0064
chr11	36574050	G	A	RAG1	1	R0086
chr11	36574069	NA	N	RAG1	1	R0074
chr11	36574291	NC	N	RAG1	1	R0099
chr11	36574484	C	T	RAG1	1	R0075
chr11	36574490	C	T	RAG1	2	R0090,R0091
chr11	36574491	G	A	RAG1	1	R0081
chr11	36574514	C	T	RAG1	1	R0045
chr11	36574515	G	A	RAG1	2	R0053,R0054
chr11	36574517	A	G	RAG1	1	R0100
chr11	36574724	C	A	RAG1	1	R0071
chr11	36574725	G	A	RAG1	1	R0047
chr11	36574870	G	T	RAG1	1	R0094
chr11	36574981	G	T	RAG1	2	R0052,R0092
chr11	36574985	C	T	RAG1	1	R0076
chr11	36574986	G	A	RAG1	2	R0050,R0058
chr11	36575110	T	G	RAG1	1	R0079
chr11	36575119	G	C	RAG1	1	R0095
chr11	36575167	NG	N	RAG1	1	R0097
chr11	36575175	G	A	RAG1	1	R0048
chr11	36575423	G	C	RAG1	1	R0104
chr11	36575486	T	C	RAG1	1	R0102
chr11	36575498	C	T	RAG1	1	R0042
chr11	36575636	C	G	RAG1	1	R0077
chr11	36575636	C	T	RAG1	1	R0073
chr11	36575637	G	A	RAG1	1	R0089
chr11	36575825	C	T	RAG1	2	R0061,R0085
chr11	36575990	T	C	RAG1	1	R0055
chr11	36576171	T	C	RAG1	1	R0067
chr11	36576222	G	A	RAG1	1	R0043
chr11	36576246	A	C	RAG1	1	R0060
chr11	36592727	A	C	RAG2	1	S0022
chr11	36592803	G	A	RAG2	1	S0042
chr11	36592812	T	A	RAG2	1	S0024
chr11	36592849	A	C	RAG2	1	S0040
chr11	36592950	G	T	RAG2	1	S0041
chr11	36593457	NG	N	RAG2	3	S0020,S0021,S0023
chr11	36593483	G	A	RAG2	1	S0045
chr11	36593484	C	T	RAG2	6	S0026,S0027,S0029,S0030,S0035,S0038
chr11	36593588	C	A	RAG2	1	S0043
chr11	36593690	C	T	RAG2	1	S0036
chr11	36593886	G	A	RAG2	1	S0028
chr11	36594054	A	G	RAG2	2	S0018,S0019
chr11	36594065	G	T	RAG2	4	S0031,S0033,S0034,S0039
chr11	36594168	A	G	RAG2	1	S0046
chr11	36597217	NATT	N	RAG2	1	S0005
chr11	36597351	C	T	RAG2	3	S0009,S0014,S0015
chr11	36597753	G	A	RAG2	1	S0007
chr11	36597921	A	G	RAG2	1	S0017
chr11	36597932	G	T	RAG2	1	S0016
chr11	45805649	C	T	SLC35C1	1	A0001
chr11	45810237	NG	N	SLC35C1	1	A0004
chr11	45810572	C	G	SLC35C1	5	A0002,A0003,A0005,A0006,A0007
chr11	45810618	G	A	SLC35C1	1	A0008
chr11	45810659	A	G	SLC35C1	1	A0009
chr11	64207412	G	A	FERMT3	2	F0019,F0020
chr11	64210687	N	NCTGGACA	FERMT3	1	F0024
chr11	64211648	G	A	FERMT3	2	F0014,F0015
chr11	64219551	G	A	FERMT3	1	F0021
chr11	64220649	C	T	FERMT3	14	F0001,F0002,F0003,F0004,F0005,F0006,F0007,F0008,F0009,F0010,F0011,F0012,F0017,F0018
chr11	64223094	C	T	FERMT3	3	F0013,F0022,F0023
chr11	68000189	NCTTT	N	UNC93B1	1	U0001
chr11	88294112	NG	N	CTSC	2	C0016,C0017
chr11	88294112	G	A	CTSC	1	C0047
chr11	88294129	G	A	CTSC	1	C0134
chr11	88294183	NCAT	N	CTSC	3	C0116,C0117,C0118
chr11	88294184	A	G	CTSC	2	C0122,C0133
chr11	88294185	C	A	CTSC	2	C0096,C0097
chr11	88294242	G	C	CTSC	1	C0125
chr11	88294342	NT	N	CTSC	1	C0072
chr11	88294351	NA	N	CTSC	1	C0014
chr11	88294358	A	G	CTSC	5	C0005,C0018,C0019,C0020,C0021
chr11	88294369	NCT	N	CTSC	1	C0015
chr11	88294383	C	T	CTSC	7	C0002,C0046,C0063,C0064,C0065,C0066,C0067
chr11	88294408	NTTCTCCA	N	CTSC	1	C0068
chr11	88294442	A	G	CTSC	1	C0045
chr11	88294451	T	G	CTSC	1	C0083
chr11	88294463	A	G	CTSC	1	C0103
chr11	88294486	C	A	CTSC	1	C0088
chr11	88294488	T	A	CTSC	1	C0044
chr11	88294496	G	T	CTSC	1	C0042
chr11	88294497	G	A	CTSC	7	C0132,C0006,C0007,C0008,C0043,C0052,C0053
chr11	88294500	G	A	CTSC	1	C0041
chr11	88294508	G	T	CTSC	1	C0135
chr11	88296142	T	C	CTSC	2	C0091,C0092
chr11	88296165	A	G	CTSC	13	C0022,C0023,C0024,C0025,C0026,C0027,C0028,C0029,C0030,C0031,C0032,C0033,C0055
chr11	88296166	C	T	CTSC	2	C0012,C0013
chr11	88296168	C	T	CTSC	1	C0131
chr11	88296207	G	C	CTSC	9	C0130,C0011,C0040,C0061,C0062,C0070,C0071,C0094,C0095
chr11	88296207	G	A	CTSC	1	C0102
chr11	88300530	G	A	CTSC	1	C0126
chr11	88300532	A	T	CTSC	1	C0001
chr11	88300539	C	T	CTSC	2	C0039,C0090
chr11	88300542	G	T	CTSC	1	C0004
chr11	88300581	G	T	CTSC	1	C0054
chr11	88300583	G	A	CTSC	1	C0038
chr11	88309174	NGA	N	CTSC	1	C0119
chr11	88309176	C	T	CTSC	3	C0009,C0010,C0060
chr11	88309182	N	NC	CTSC	1	C0037
chr11	88309217	T	C	CTSC	4	C0104,C0105,C0106,C0107
chr11	88309232	NCATACAT	N	CTSC	3	C0128,C0129,C0082
chr11	88309249	G	A	CTSC	1	C0073
chr11	88312415	C	T	CTSC	1	C0035
chr11	88312428	N	NATGT	CTSC	1	C0036
chr11	88312458	G	A	CTSC	8	C0098,C0099,C0100,C0076,C0101,C0120,C0121,C0123
chr11	88312551	A	T	CTSC	2	C0127,C0137
chr11	88335033	NTACCTTCAGAAGCTGGATACAGCA	N	CTSC	1	C0034
chr11	88335050	C	T	CTSC	2	C0086,C0087
chr11	88337528	C	T	CTSC	2	C0084,C0085
chr11	88337557	NCCTG	N	CTSC	1	C0124
chr11	88337557	G	C	CTSC	4	C0048,C0049,C0050,C0051
chr11	88337577	T	G	CTSC	4	C0069,C0074,C0075,C0089
chr11	88337583	C	A	CTSC	1	C0112
chr11	88337601	C	A	CTSC	5	C0056,C0057,C0058,C0059,C0093
chr11	88337652	NG	N	CTSC	1	C0136
chr11	94437206	C	T	MRE11A	2	M0001,M0002
chr11	94459466	C	A	MRE11A	2	M0005,M0006
chr11	94471692	T	C	MRE11A	2	M0018,M0017
chr11	94476318	G	C	MRE11A	10	M0007,M0008,M0009,M0010,M0011,M0012,M0013,M0014,M0015,M0016
chr11	94478864	N	NT	MRE11A	1	M0019
chr11	94479726	A	G	MRE11A	2	M0003,M0004
chr11	118308522	NCC	N	CD3E	1	A0002
chr11	118345030	C	T	CD3D	4	C0001,C0002,C0003,C0007
chr11	118345829	A	T	CD3G	1	A0004
chr12	7065194	C	G	C1S	2	C0006,C0007
chr12	7067708	NTTTG	N	C1S	2	C0001,C0002
chr12	7070151	C	T	C1S	1	C0003
chr12	7070373	G	T	C1S	2	C0004,C0005
chr12	43768145	C	T	IRAK4	1	I0015
chr12	43768234	N	NA	IRAK4	2	I0007,I0008
chr12	43768255	C	G	IRAK4	1	I0023
chr12	43772945	NA	N	IRAK4	1	I0005
chr12	43773041	NAC	N	IRAK4	2	I0004,I0019
chr12	43777734	NT	N	IRAK4	1	I0001
chr12	43778238	C	T	IRAK4	12	I0002,I0003,I0006,I0012,I0013,I0014,I0016,I0017,I0018,I0020,I0021,I0022
chr12	43786414	G	T	IRAK4	3	I0009,I0010,I0011
chr12	109098561	C	T	UNG	1	U0004
chr12	109099241	NC	N	UNG	1	U0001
chr12	121622725	N	NA	ORAI1	1	T0003
chr12	121622735	C	T	ORAI1	2	T0001,T0002
chr12	121636767	C	A	ORAI1	1	T0004
chr13	108208829	C	T	LIG4	1	L0005
chr13	108209531	C	T	LIG4	2	L0001,L0002
chr13	108209863	G	A	LIG4	1	L0004
chr13	108209970	NCAA	N	LIG4	1	L0006
chr13	108210424	A	T	LIG4	2	L0010,L0011
chr13	108210430	A	G	LIG4	2	L0007,L0008
chr13	108210436	G	A	LIG4	1	L0009
chr13	108210524	A	G	LIG4	1	L0012
chr13	108211261	C	T	LIG4	1	L0003
chr14	20472366	C	T	NP	1	N0010
chr14	20472468	C	T	NP	2	N0009,N0013
chr14	20472477	G	T	NP	1	N0007
chr14	20474502	G	A	NP	1	N0014
chr14	20474555	G	A	NP	2	N0001,N0003
chr14	20474836	G	A	NP	1	N0012
chr14	20474870	A	G	NP	1	N0006
chr14	20474872	NATC	N	NP	1	N0005
chr14	20475067	G	C	NP	1	N0011
chr14	20475075	T	G	NP	1	N0015
chr14	20475087	T	C	NP	1	N0016
chr14	20475169	G	T	NP	1	N0004
chr14	20475175	A	G	NP	1	N0002
chr14	20476432	G	C	NP	1	N0008
chr14	23121563	N	NA	CEBPE	1	C0002
chr14	23121819	NTGACC	N	CEBPE	1	C0001
chr14	35408602	G	T	NFKBIA	1	N0002
chr14	105642991	N	NG	IGHG2	2	I0001,I0002
chr15	52355347	C	T	MYO5A	1	M0001
chr15	52380415	C	T	MYO5A	1	M0002
chr15	55205575	C	T	RAB27A	1	R0042
chr15	55205623	C	T	RAB27A	7	R0004,R0005,R0028,R0038,R0044,R0045,R0050
chr15	55205655	NCAAGC	N	RAB27A	6	R0029,R0030,R0031,R0032,R0033,R0043
chr15	55205659	NAAGCC	N	RAB27A	5	R0006,R0007,R0026,R0027,R0037
chr15	55223902	G	C	RAB27A	1	R0003
chr15	55223955	NAA	N	RAB27A	1	R0008
chr15	55223967	T	C	RAB27A	1	R0002
chr15	55224004	C	T	RAB27A	2	R0025,R0041
chr15	55224010	C	T	RAB27A	1	R0024
chr15	55228612	NA	N	RAB27A	1	R0034
chr15	55230297	N	.	RAB27A	3	R0013,R0014,R0015
chr15	55230401	G	C	RAB27A	3	R0047,R0048,R0049
chr15	55230423	T	G	RAB27A	2	R0001,R0023
chr15	55234786	NG	N	RAB27A	9	R0009,R0010,R0011,R0012,R0018,R0019,R0020,R0021,R0022
chr15	55234786	N	C	RAB27A	1	R0036
chr15	55234804	T	C	RAB27A	1	R0035
chr15	55234808	G	A	RAB27A	1	R0039
chr15	55234870	A	G	RAB27A	1	R0046
chr15	55234883	NCT	N	RAB27A	1	R0040
chr15	90747491	G	T	BLM	1	B0050
chr15	90749543	NA	N	BLM	1	B0135
chr15	90749579	C	A	BLM	1	B0113
chr15	90749825	NCAA	N	BLM	8	B0001,B0009,B0034,B0035,B0116,B0117,B0118,B0119
chr15	90749849	NTT	N	BLM	1	B0144
chr15	90749849	N	NT	BLM	1	B0143
chr15	90750040	NCT	N	BLM	1	B0139
chr15	90751801	A	T	BLM	1	B0131
chr15	90754842	NAAAGA	N	BLM	2	B0103,B0104
chr15	90760719	NC	N	BLM	1	B0127
chr15	90760917	N	NA	BLM	4	B0003,B0020,B0120,B0121
chr15	90761001	T	A	BLM	1	B0136
chr15	90761015	C	T	BLM	1	B0105
chr15	90761074	G	A	BLM	1	B0129
chr15	90761157	C	A	BLM	1	B0128
chr15	90763016	C	T	BLM	18	B0074,B0078,B0070,B0071,B0072,B0073,B0075,B0076,B0077,B0079,B0080,B0081,B0082,B0083,B0084,B0085,B0086,B0087
chr15	90763051	N	NG	BLM	1	B0124
chr15	90763098	A	G	BLM	1	B0106
chr15	90765319	C	T	BLM	7	B0098,B0107,B0108,B0109,B0110,B0111,B0112
chr15	90766923	N	TAGATTC	BLM	39	B0005,B0010,B0011,B0012,B0013,B0014,B0015,B0016,B0017,B0018,B0019,B0036,B0037,B0038,B0039,B0040,B0041,B0042,B0043,B0044,B0045,B0046,B0047,B0048,B0049,B0051,B0052,B0053,B0054,B0055,B0056,B0057,B0058,B0059,B0060,B0061,B0062,B0063,B0064
chr15	90766966	N	NAAAT	BLM	1	B0101
chr15	90769519	N	NA	BLM	1	B0126
chr15	90769537	NAG	N	BLM	1	B0065
chr15	90782909	G	A	BLM	1	B0133
chr15	90784953	C	T	BLM	7	B0088,B0089,B0090,B0092,B0093,B0094,B0091
chr15	90784960	G	A	BLM	1	B0125
chr15	90785079	C	T	BLM	1	B0146
chr15	90790680	G	T	BLM	1	B0142
chr15	90790712	C	T	BLM	1	B0132
chr15	90790748	NC	N	BLM	4	B0096,B0097,B0099,B0095
chr15	90794175	NG	N	BLM	1	B0102
chr15	90794265	C	T	BLM	1	B0123
chr15	90794311	G	C	BLM	2	B0114,B0115
chr15	90798234	N	NT	BLM	1	B0134
chr15	90798240	NT	N	BLM	1	B0100
chr15	90798257	C	G	BLM	1	B0140
chr15	90804195	NG	N	BLM	3	B0068,B0069,B0145
chr15	90804335	N	NA	BLM	1	B0130
chr15	90809232	C	T	BLM	1	B0122
chr16	10904308	G	T	CIITA	1	M0001
chr16	10904573	T	C	CIITA	3	M0003,M0004,M0005
chr16	10905230	G	A	CIITA	1	M0007
chr16	10913262	N	.	CIITA	1	M0008
chr16	10919948	N	.	CIITA	1	M0002
chr16	28932186	N	NA	CD19	1	C0001
chr16	28933644	NGA	N	CD19	3	C0002,C0003,C0004
chr16	88643337	N	.	CYBA	1	H0053
chr16	88643457	NCGGCCCCCGGCCG	N	CYBA	1	H0031
chr16	88643474	C	A	CYBA	1	H0011
chr16	88643533	NC	N	CYBA	1	H0074
chr16	88643542	NC	N	CYBA	1	H0088
chr16	88643553	NGAGC	N	CYBA	2	H0043,H0044
chr16	88643567	NCGGC	N	CYBA	1	H0107
chr16	88643568	G	A	CYBA	1	H0047
chr16	88643571	G	T	CYBA	1	H0048
chr16	88646116	G	A	CYBA	2	H0045,H0046
chr16	88646131	C	A	CYBA	6	H0003,H0010,H0022,H0098,H0101,H0106
chr16	88646146	C	A	CYBA	1	H0064
chr16	88646184	NGTGCCCG	N	CYBA	4	H0040,H0049,H0051,H0052
chr16	88646197	G	T	CYBA	1	H0097
chr16	88646755	T	C	CYBA	1	H0103
chr16	88646761	A	G	CYBA	1	H0012
chr16	88646773	G	C	CYBA	1	H0066
chr16	88646773	G	A	CYBA	3	H0006,H0007,H0008
chr16	88646774	C	G	CYBA	2	H0067,H0102
chr16	88646774	C	T	CYBA	5	H0055,H0068,H0087,H0091,H0096
chr16	88646781	C	G	CYBA	1	H0094
chr16	88646781	C	A	CYBA	1	H0095
chr16	88646796	NC	N	CYBA	2	H0001,H0015
chr16	88647130	NG	N	CYBA	1	H0041
chr16	88647133	NG	N	CYBA	1	H0090
chr16	88647133	N	NG	CYBA	6	H0032,H0036,H0037,H0070,H0071,H0075
chr16	88647138	N	NC	CYBA	7	H0019,H0020,H0056,H0057,H0058,H0059,H0089
chr16	88647140	C	G	CYBA	1	H0054
chr16	88647146	A	T	CYBA	1	H0005
chr16	88647149	T	C	CYBA	1	H0014
chr16	88647152	T	A	CYBA	1	H0100
chr16	88648102	G	A	CYBA	1	H0069
chr16	88648103	G	A	CYBA	8	H0021,H0024,H0025,H0034,H0028,H0030,H0060,H0061
chr16	88650968	G	C	CYBA	1	H0105
chr16	88650987	G	A	CYBA	1	H0027
chr16	88650988	G	A	CYBA	1	H0017
chr16	88651007	C	T	CYBA	3	H0023,H0026,H0092
chr16	88651012	T	A	CYBA	1	H0086
chr17	16940352	G	A	TNFRSF13B	2	T0018,T0035
chr17	16940375	N	AA	TNFRSF13B	1	T0017
chr17	16940415	C	A	TNFRSF13B	20	T0007,T0008,T0009,T0012,T0013,T0014,T0015,T0016,T0033,T0034,T0045,T0046,T0049,T0050,T0052,T0054,T0055,T0056,T0057,T0058
chr17	16940442	G	A	TNFRSF13B	1	T0043
chr17	16948752	C	A	TNFRSF13B	2	T0001,T0002
chr17	16948873	T	C	TNFRSF13B	38	T0003,T0004,T0005,T0006,T0010,T0011,T0019,T0020,T0021,T0022,T0023,T0024,T0026,T0028,T0029,T0030,T0036,T0037,T0038,T0039,T0040,T0042,T0047,T0048,T0051,T0053,T0059,T0060,T0061,T0062,T0063,T0064,T0065,T0066,T0067,T0068,T0069,T0070
chr17	16948979	N	NA	TNFRSF13B	4	T0025,T0027,T0031,T0032
chr17	16952521	C	A	TNFRSF13B	1	T0041
chr17	42214124	G	C	STAT5B	1	S0001
chr17	42221378	N	NG	STAT5B	1	S0002
chr17	42222153	N	NC	STAT5B	1	S0003
chr17	42227413	C	T	STAT5B	1	S0004
chr17	42322285	NAGAGCCAGGAGCATCCTGAAGCTGACCCAG	N	STAT3	3	S0092,S0093,S0094
chr17	42322413	A	G	STAT3	2	S0055,S0056
chr17	42322429	G	A	STAT3	3	S0046,S0047,S0048
chr17	42322444	A	G	STAT3	3	S0036,S0037,S0038
chr17	42322451	NCAG	N	STAT3	1	S0058
chr17	42322452	A	C	STAT3	1	S0064
chr17	42322468	C	G	STAT3	1	S0043
chr17	42322470	A	G	STAT3	1	S0082
chr17	42322474	G	T	STAT3	1	S0053
chr17	42322474	G	A	STAT3	10	S0021,S0022,S0025,S0035,S0040,S0041,S0049,S0054,S0073,S0074
chr17	42323027	C	T	STAT3	2	S0011,S0012
chr17	42323029	C	G	STAT3	1	S0083
chr17	42323031	T	G	STAT3	1	S0026
chr17	42323060	G	A	STAT3	1	S0019
chr17	42324720	A	G	STAT3	1	S0090
chr17	42325034	T	G	STAT3	1	S0044
chr17	42325038	NGTG	N	STAT3	6	S0005,S0006,S0007,S0023,S0050,S0051
chr17	42326171	A	C	STAT3	2	S0063,S0091
chr17	42326172	C	T	STAT3	1	S0004
chr17	42326187	G	A	STAT3	1	S0060
chr17	42329423	G	A	STAT3	5	S0016,S0017,S0027,S0028,S0029
chr17	42329457	A	T	STAT3	1	S0075
chr17	42329621	C	T	STAT3	1	S0003
chr17	42329636	T	C	STAT3	1	S0015
chr17	42329637	T	C	STAT3	1	S0024
chr17	42329642	G	T	STAT3	1	S0052
chr17	42329642	G	A	STAT3	16	S0008,S0018,S0030,S0031,S0032,S0034,S0039,S0057,S0061,S0062,S0076,S0077,S0078,S0079,S0080,S0081
chr17	42329643	C	G	STAT3	2	S0087,S0088
chr17	42329643	C	T	STAT3	19	S0001,S0002,S0009,S0010,S0013,S0014,S0020,S0033,S0042,S0045,S0059,S0068,S0069,S0070,S0071,S0072,S0084,S0085,S0086
chr17	42333697	G	A	STAT3	1	S0089
chr17	42333728	C	T	STAT3	3	S0065,S0066,S0067
chr17	44071106	C	G	G6PC3	1	G0007
chr17	44071109	C	A	G6PC3	1	G0012
chr17	44074700	A	G	G6PC3	2	G0021,G0022
chr17	44074701	T	A	G6PC3	1	G0015
chr17	44074707	C	G	G6PC3	1	G0014
chr17	44075328	T	C	G6PC3	1	G0006
chr17	44075760	G	A	G6PC3	9	G0001,G0002,G0003,G0004,G0005,G0017,G0018,G0019,G0020
chr17	44075780	G	C	G6PC3	1	G0010
chr17	44075781	G	A	G6PC3	1	G0016
chr17	44075786	G	C	G6PC3	1	G0008
chr17	44075831	C	T	G6PC3	1	G0009
chr17	44075937	N	NT	G6PC3	1	G0011
chr17	63934794	G	A	CD79B	1	C0001
chr17	75828045	C	T	UNC13D	1	U0031
chr17	75830409	G	C	UNC13D	2	U0037,U0038
chr17	75834093	NGGAG	N	UNC13D	3	U0040,U0045,U0047
chr17	75834096	NG	N	UNC13D	1	U0030
chr17	75834460	G	A	UNC13D	1	U0056
chr17	75834670	G	C	UNC13D	1	U0055
chr17	75835410	A	G	UNC13D	2	U0048,U0052
chr17	75835424	NGTGCAGCGCGCT	N	UNC13D	4	U0001,U0002,U0005,U0006
chr17	75835503	N	NT	UNC13D	1	U0007
chr17	75835652	N	NA	UNC13D	3	U0017,U0067,U0068
chr17	75835681	NG	N	UNC13D	1	U0061
chr17	75835872	C	T	UNC13D	1	U0032
chr17	75836629	G	T	UNC13D	2	U0042,U0046
chr17	75836662	T	C	UNC13D	1	U0028
chr17	75836829	G	A	UNC13D	1	U0041
chr17	75840266	C	T	UNC13D	3	U0026,U0027,U0054
chr17	75840506	G	T	UNC13D	3	U0009,U0010,U0025
chr17	75840507	G	T	UNC13D	2	U0043,U0050
chr17	75840805	C	T	UNC13D	3	U0012,U0035,U0036
chr17	75840818	NT	N	UNC13D	2	U0022,U0023
chr17	75842428	G	A	UNC13D	1	U0021
chr17	75842470	NC	N	UNC13D	1	U0049
chr17	75842561	NA	N	UNC13D	1	U0053
chr17	75842902	G	A	UNC13D	1	U0069
chr17	75843043	C	T	UNC13D	1	U0059
chr17	75843173	C	T	UNC13D	1	U0039
chr17	75843206	NC	N	UNC13D	2	U0003,U0004
chr17	75843245	G	A	UNC13D	3	U0044,U0057,U0058
chr17	78120458	G	T	TMC6	3	E0004,E0005,E0006
chr17	78125179	NT	N	TMC6	1	E0010
chr17	78125231	N	DUP	TMC6	2	E0008,E0009
chr17	78125747	C	A	TMC6	1	E0007
chr17	78126952	C	T	TMC6	3	E0001,E0002,E0003
chr17	78127404	C	T	TMC6	1	E0011
chr17	78131920	G	A	TMC8	3	E0006,E0007,E0008
chr17	78133435	NTGCGTACCGAGTGGGGCCGGAGA	N	TMC8	1	E0009
chr17	78133442	C	T	TMC8	1	E0010
chr17	78133939	NT	N	TMC8	1	E0001
chr17	78134966	G	T	TMC8	4	E0002,E0003,E0004,E0005
chr19	6693070	C	G	C3	2	C0001,C0002
chr19	6693464	N	NT	C3	1	C0012
chr19	6694467	N	NT	C3	1	C0011
chr19	6697692	C	T	C3	1	C0009
chr19	6702471	N	.	C3	1	C0003
chr19	6709754	G	A	C3	1	C0013
chr19	6710669	G	A	C3	1	C0007
chr19	6710677	T	C	C3	1	C0014
chr19	6710680	G	A	C3	1	C0008
chr19	7640744	NT	N	STXBP2	1	S0012
chr19	7640969	A	C	STXBP2	1	S0024
chr19	7642081	T	C	STXBP2	1	S0001
chr19	7642232	NGAT	N	STXBP2	2	S0005,S0006
chr19	7642509	G	A	STXBP2	1	S0004
chr19	7644719	C	T	STXBP2	1	S0010
chr19	7644720	G	A	STXBP2	2	S0011,S0025
chr19	7646322	C	T	STXBP2	10	S0007,S0008,S0009,S0014,S0015,S0016,S0017,S0018,S0019,S0026
chr19	7647436	G	A	STXBP2	1	S0027
chr19	10373891	NGCTT	N	TYK2	1	T0001
chr19	17831245	C	T	JAK3	1	J0027
chr19	17831692	NT	N	JAK3	1	J0029
chr19	17831750	T	C	JAK3	1	J0013
chr19	17834569	T	C	JAK3	2	J0002,J0015
chr19	17834610	C	T	JAK3	1	J0022
chr19	17834625	C	T	JAK3	1	J0019
chr19	17834887	G	A	JAK3	1	J0012
chr19	17834986	C	T	JAK3	1	J0017
chr19	17835179	C	T	JAK3	2	J0021,J0018
chr19	17836052	G	A	JAK3	1	J0020
chr19	17837150	G	A	JAK3	1	J0026
chr19	17838264	G	A	JAK3	1	J0030
chr19	17838390	A	G	JAK3	1	J0004
chr19	17839585	C	T	JAK3	2	J0010,J0005
chr19	17840306	N	NG	JAK3	1	J0003
chr19	17841750	T	G	JAK3	1	J0034
chr19	17843141	C	G	JAK3	1	J0009
chr19	17843786	A	G	JAK3	1	J0001
chr19	17844245	NTGC	N	JAK3	1	J0025
chr19	17844246	G	C	JAK3	1	J0016
chr19	17844310	NG	N	JAK3	1	J0028
chr19	17844417	A	G	JAK3	2	J0023,J0024
chr19	18062272	N	TT	IL12RB1	5	I0011,I0012,I0027,I0028,I0029
chr19	18066359	N	.	IL12RB1	1	I0038
chr19	18066569	C	T	IL12RB1	1	I0055
chr19	18069609	C	T	IL12RB1	2	I0005,I0021
chr19	18069635	A	G	IL12RB1	1	I0010
chr19	18072171	C	A	IL12RB1	1	I0019
chr19	18072220	A	T	IL12RB1	1	I0004
chr19	18073590	N	NC	IL12RB1	1	I0052
chr19	18075805	N	DUP	IL12RB1	1	I0054
chr19	18075812	C	T	IL12RB1	3	I0006,I0007,I0008
chr19	18075817	G	C	IL12RB1	1	I0050
chr19	18075857	T	C	IL12RB1	1	I0049
chr19	18077547	G	C	IL12RB1	3	I0002,I0016,I0056
chr19	18077553	A	C	IL12RB1	1	I0035
chr19	18077582	NGTATGGAGTGGGAGACC	N	IL12RB1	1	I0051
chr19	18082159	T	C	IL12RB1	1	I0036
chr19	18083462	C	T	IL12RB1	6	I0001,I0022,I0023,I0024,I0025,I0026
chr19	19197218	G	T	RFXANK	2	R0001,R0026
chr19	19197545	A	T	RFXANK	1	R0030
chr19	19197566	NT	N	RFXANK	1	R0024
chr19	19198137	C	T	RFXANK	1	R0003
chr19	19198676	T	C	RFXANK	1	R0002
chr19	19199156	C	T	RFXANK	1	R0029
chr19	48137007	G	A	LIG1	1	L0001
chr21	33421551	NAG	N	IFNGR2	1	I0001
chr21	33421613	C	T	IFNGR2	1	I0002
chr21	33421655	N	DUP	IFNGR2	1	I0009
chr21	33426974	C	A	IFNGR2	3	I0006,I0007,I0008
chr21	33432278	NTAACATCTTTAGAGTCGGGCATTTAAG	N	IFNGR2	1	I0005
chr21	33432783	NG	N	IFNGR2	2	I0003,I0004
chr21	44286007	A	T	AIRE	2	A0176,A0177
chr21	44286007	A	G	AIRE	1	A0247
chr21	44286026	N	NACGCCGGCTTCTGAGGCTGCACC	AIRE	1	A0268
chr21	44286027	N	DUP	AIRE	1	A0261
chr21	44286028	C	T	AIRE	2	A0201,A0203
chr21	44286049	C	T	AIRE	1	A0153
chr21	44286049	N	NACGCCGGCTTCTGAGGCTGCACC	AIRE	1	A0159
chr21	44286050	G	T	AIRE	1	A0042
chr21	44286053	C	T	AIRE	2	A0157,A0158
chr21	44286068	C	T	AIRE	1	A0267
chr21	44286089	T	C	AIRE	2	A0046,A0087
chr21	44286092	T	C	AIRE	2	A0151,A0152
chr21	44286099	N	NT	AIRE	5	A0240,A0241,A0242,A0243,A0244
chr21	44286139	G	C	AIRE	1	A0174
chr21	44286629	N	DUP	AIRE	2	A0245,A0246
chr21	44286632	N	NCAGG	AIRE	1	A0089
chr21	44286654	T	C	AIRE	1	A0156
chr21	44286656	T	A	AIRE	5	A0155,A0145,A0146,A0147,A0148
chr21	44286656	T	C	AIRE	9	A0140,A0141,A0142,A0143,A0144,A0234,A0235,A0236,A0237
chr21	44286663	T	G	AIRE	2	A0249,A0250
chr21	44286671	A	G	AIRE	1	A0005
chr21	44286698	C	T	AIRE	2	A0214,A0215
chr21	44287085	C	T	AIRE	17	A0022,A0023,A0024,A0025,A0026,A0027,A0028,A0030,A0031,A0032,A0033,A0034,A0035,A0125,A0164,A0233,A0253
chr21	44287132	A	T	AIRE	1	A0275
chr21	44287570	C	T	AIRE	1	A0088
chr21	44288346	NG	N	AIRE	1	A0160
chr21	44288413	C	T	AIRE	6	A0010,A0212,A0213,A0223,A0224,A0232
chr21	44289650	NCTC	N	AIRE	1	A0162
chr21	44289686	G	T	AIRE	6	A0134,A0135,A0136,A0137,A0138,A0139
chr21	44289773	C	T	AIRE	99	A0104,A0106,A0122,A0101,A0043,A0044,A0001,A0002,A0003,A0004,A0007,A0008,A0009,A0012,A0013,A0014,A0016,A0017,A0020,A0021,A0063,A0064,A0065,A0066,A0067,A0083,A0085,A0096,A0097,A0098,A0099,A0100,A0102,A0103,A0107,A0108,A0109,A0110,A0111,A0112,A0113,A0114,A0115,A0116,A0117,A0118,A0119,A0120,A0121,A0126,A0127,A0128,A0129,A0130,A0132,A0161,A0165,A0166,A0167,A0168,A0169,A0170,A0171,A0172,A0175,A0179,A0180,A0183,A0184,A0185,A0197,A0198,A0200,A0207,A0208,A0216,A0217,A0218,A0219,A0220,A0221,A0222,A0225,A0226,A0227,A0228,A0252,A0258,A0259,A0260,A0262,A0263,A0264,A0269,A0270,A0271,A0272,A0273,A0274
chr21	44290036	N	NC	AIRE	1	A0248
chr21	44290068	G	A	AIRE	2	A0204,A0205
chr21	44291116	G	A	AIRE	1	A0095
chr21	44291120	NGT	N	AIRE	1	A0229
chr21	44291121	T	A	AIRE	1	A0251
chr21	44291123	G	C	AIRE	1	A0178
chr21	44291146	NT	N	AIRE	1	A0149
chr21	44291182	N	.	AIRE	40	A0082,A0091,A0092,A0029,A0084,A0015,A0018,A0019,A0036,A0039,A0040,A0041,A0045,A0047,A0048,A0049,A0050,A0051,A0052,A0053,A0054,A0055,A0056,A0057,A0058,A0059,A0060,A0061,A0062,A0075,A0076,A0077,A0078,A0079,A0080,A0081,A0090,A0105,A0124,A0131
chr21	44291182	NCTGTCCCCTCCGC	N	AIRE	25	A0173,A0181,A0182,A0133,A0186,A0187,A0188,A0189,A0191,A0193,A0194,A0195,A0196,A0199,A0202,A0206,A0209,A0230,A0231,A0254,A0255,A0256,A0257,A0265,A0266
chr21	44291184	N	NCCTG	AIRE	1	A0011
chr21	44292370	N	DUP	AIRE	1	A0163
chr21	44293060	N	NA	AIRE	1	A0190
chr21	44293133	N	NGCCG	AIRE	2	A0238,A0239
chr21	44293139	N	NA	AIRE	3	A0072,A0073,A0074
chr21	44293146	N	NC	AIRE	1	A0192
chr21	44293161	NC	N	AIRE	3	A0037,A0038,A0086
chr21	44293804	N	NAC	AIRE	1	A0068
chr21	44293824	N	GT	AIRE	1	A0210
chr21	44293854	N	TT	AIRE	1	A0154
chr21	44296391	NG	N	AIRE	1	A0094
chr21	44297704	C	T	AIRE	1	A0150
chr21	44886836	G	C	ITGB2	1	A0054
chr21	44886837	G	C	ITGB2	1	A0135
chr21	44888696	C	T	ITGB2	1	A0077
chr21	44888699	A	C	ITGB2	1	A0138
chr21	44888830	C	T	ITGB2	1	A0110
chr21	44888866	NA	N	ITGB2	2	A0061,A0062
chr21	44889276	T	C	ITGB2	1	A0136
chr21	44889319	T	C	ITGB2	1	A0082
chr21	44889376	C	T	ITGB2	3	A0008,A0066,A0067
chr21	44889483	G	C	ITGB2	1	A0129
chr21	44889978	N	.	ITGB2	1	A0040
chr21	44890003	C	G	ITGB2	2	A0096,A0120
chr21	44890013	N	ACAGCGCAGTTGTAGCGCAGACC	ITGB2	1	A0101
chr21	44890033	C	A	ITGB2	2	A0001,A0103
chr21	44890045	C	G	ITGB2	1	A0025
chr21	44890138	NG	N	ITGB2	4	A0041,A0042,A0045,A0108
chr21	44890214	NC	N	ITGB2	1	A0115
chr21	44891831	N	CA	ITGB2	1	A0109
chr21	44891863	G	A	ITGB2	1	A0112
chr21	44891965	NGA	N	ITGB2	1	A0019
chr21	44893485	NC	N	ITGB2	2	A0052,A0128
chr21	44894995	N	.	ITGB2	3	A0104,A0106,A0107
chr21	44895002	A	G	ITGB2	2	A0030,A0048
chr21	44895033	G	C	ITGB2	1	A0006
chr21	44899161	A	T	ITGB2	1	A0084
chr21	44900367	G	A	ITGB2	9	A0011,A0012,A0014,A0023,A0043,A0044,A0047,A0072,A0116
chr21	44900371	C	A	ITGB2	1	A0124
chr21	44900374	NC	N	ITGB2	1	A0060
chr21	44900400	G	A	ITGB2	2	A0118,A0123
chr21	44900408	C	T	ITGB2	2	A0007,A0111
chr21	44900448	C	T	ITGB2	1	A0131
chr21	44900463	T	C	ITGB2	1	A0004
chr21	44901518	G	A	ITGB2	2	A0055,A0130
chr21	44901521	G	A	ITGB2	1	A0113
chr21	44901542	G	C	ITGB2	2	A0013,A0075
chr21	44901631	NC	N	ITGB2	1	A0050
chr21	44901646	A	C	ITGB2	1	A0009
chr21	44901671	C	T	ITGB2	3	A0097,A0098,A0122
chr21	44901700	C	T	ITGB2	5	A0020,A0031,A0073,A0074,A0080
chr21	44901713	A	G	ITGB2	1	A0125
chr21	44901728	G	A	ITGB2	2	A0010,A0027
chr21	44903415	G	A	ITGB2	1	A0099
chr21	44903418	T	C	ITGB2	2	A0017,A0078
chr21	44903452	T	C	ITGB2	1	A0003
chr21	44903464	G	A	ITGB2	1	A0076
chr21	44903472	A	C	ITGB2	1	A0046
chr21	44903482	G	A	ITGB2	2	A0002,A0117
chr21	44903482	G	T	ITGB2	2	A0056,A0059
chr21	44906929	T	C	ITGB2	1	A0095
chr21	44906975	NG	N	ITGB2	1	A0094
chr21	44907044	C	T	ITGB2	2	A0005,A0065
chr21	44907057	C	A	ITGB2	1	A0093
chr21	44907059	T	C	ITGB2	1	A0092
chr21	44910301	A	C	ITGB2	2	A0090,A0091
chr21	44910303	NGGCCCGGCTG	N	ITGB2	5	A0018,A0068,A0083,A0089,A0133
chr21	44910311	NG	N	ITGB2	1	A0127
chr21	44910325	T	A	ITGB2	1	A0088
chr21	44910352	A	T	ITGB2	2	A0051,A0114
chr21	44910353	N	NC	ITGB2	1	A0079
chr21	44910364	NTC	N	ITGB2	2	A0028,A0029
chr21	44910734	NC	N	ITGB2	1	A0086
chr21	44910781	T	A	ITGB2	1	A0016
chr22	23585043	C	T	IGLL1	1	G0001
chr22	37236852	G	A	RAC2	1	R0001
chrX	37780078	A	G	CYBB	5	A0242,A0653,A0654,A0655,A1443
chrX	37780079	T	A	CYBB	1	A0411
chrX	37780079	T	G	CYBB	1	A0412
chrX	37780083	N	NG	CYBB	2	A0346,A0656
chrX	37780085	N	NA	CYBB	1	A0657
chrX	37780088	G	A	CYBB	3	A0260,A0490,A0658
chrX	37780089	G	A	CYBB	5	A0108,A0491,A0492,A0493,A0659
chrX	37780091	NCTGTGAATGAGGGG	N	CYBB	1	A0305
chrX	37780100	N	DUP	CYBB	1	A0334
chrX	37780104	NG	N	CYBB	1	A0660
chrX	37780104	N	NG	CYBB	1	A0557
chrX	37780117	NG	N	CYBB	1	A0079
chrX	37782087	N	NCATT	CYBB	1	A0619
chrX	37782089	NT	N	CYBB	1	A0214
chrX	37782091	NG	N	CYBB	1	A0215
chrX	37782094	N	NT	CYBB	1	A0349
chrX	37782095	G	A	CYBB	1	A0672
chrX	37782096	G	C	CYBB	1	A0083
chrX	37782100	G	C	CYBB	2	A0136,A0376
chrX	37782100	G	A	CYBB	2	A0647,A0673
chrX	37782106	N	DUP	CYBB	1	A0298
chrX	37782108	N	A	CYBB	1	A0674
chrX	37782122	NTCTG	N	CYBB	5	A0327,A0328,A0675,A0676,A0677
chrX	37782125	G	A	CYBB	2	A0575,A0678
chrX	37782126	G	A	CYBB	5	A0477,A0478,A0483,A0563,A0679
chrX	37782127	NT	N	CYBB	1	A0680
chrX	37782132	N	GGT	CYBB	1	A0682
chrX	37782132	C	A	CYBB	1	A0681
chrX	37782134	N	NC	CYBB	1	A0683
chrX	37782136	N	GG	CYBB	1	A1425
chrX	37782136	N	NG	CYBB	1	A1442
chrX	37782136	NG	N	CYBB	1	A0684
chrX	37782141	T	A	CYBB	1	A0024
chrX	37782147	NT	N	CYBB	1	A0685
chrX	37782154	A	T	CYBB	1	A0686
chrX	37782163	T	G	CYBB	2	A0495,A0544
chrX	37782163	NT	N	CYBB	2	A0018,A0687
chrX	37782163	N	NT	CYBB	1	A0350
chrX	37782167	C	G	CYBB	1	A0688
chrX	37782168	N	TTTC	CYBB	1	A0689
chrX	37782169	A	T	CYBB	3	A0261,A0690,A0691
chrX	37782176	T	G	CYBB	1	A0692
chrX	37783490	N	CCTGCCTGAATTTCT	CYBB	3	A0599,A0600,A0601
chrX	37783490	N	TTAATTT	CYBB	3	A0709,A0710,A0711
chrX	37783491	C	G	CYBB	2	A0712,A0713
chrX	37783506	C	A	CYBB	1	A0050
chrX	37783507	N	NC	CYBB	1	A0160
chrX	37783508	A	G	CYBB	1	A0243
chrX	37783508	NAGGGCC	N	CYBB	2	A0322,A0714
chrX	37783509	G	T	CYBB	2	A0455,A0715
chrX	37783510	G	C	CYBB	1	A0133
chrX	37783512	C	A	CYBB	3	A0353,A0716,A0717
chrX	37783515	C	T	CYBB	3	A0244,A0245,A0304
chrX	37783518	C	A	CYBB	2	A0069,A0718
chrX	37783523	T	C	CYBB	4	A0175,A0176,A0719,A1421
chrX	37783524	G	T	CYBB	1	A0362
chrX	37783524	G	A	CYBB	1	A0363
chrX	37783525	C	G	CYBB	2	A0246,A0541
chrX	37783525	C	A	CYBB	1	A0720
chrX	37783533	NT	N	CYBB	1	A0614
chrX	37783537	C	G	CYBB	3	A0413,A0414,A0721
chrX	37783538	T	C	CYBB	2	A0247,A0722
chrX	37783540	C	A	CYBB	1	A0364
chrX	37783542	T	G	CYBB	2	A0723,A0724
chrX	37783543	N	NG	CYBB	2	A0196,A0197
chrX	37783545	T	C	CYBB	1	A0725
chrX	37783558	N	NA	CYBB	1	A0726
chrX	37783565	C	T	CYBB	25	A0008,A0188,A0262,A0263,A0456,A0457,A0458,A0459,A0576,A0727,A0728,A0729,A0730,A0731,A0732,A0733,A0734,A0735,A0736,A0737,A0738,A0739,A0740,A0741,A0742
chrX	37783574	NC	N	CYBB	2	A0743,A0744
chrX	37783590	NG	N	CYBB	2	A0011,A0745
chrX	37783590	N	NG	CYBB	1	A0746
chrX	37783599	NC	N	CYBB	1	A0110
chrX	37783600	G	A	CYBB	53	A0022,A0063,A0100,A0127,A0193,A0226,A0227,A0228,A0229,A0230,A0231,A0354,A0355,A0356,A0357,A0534,A0577,A0578,A0633,A0634,A0642,A0747,A0748,A0749,A0750,A0751,A0752,A0753,A0754,A0755,A0756,A0757,A0758,A0759,A0760,A0761,A0762,A0763,A0764,A0765,A0766,A0767,A0768,A0769,A0770,A0771,A0772,A0773,A0774,A0775,A0776,A0777,A1430
chrX	37783600	G	T	CYBB	2	A0778,A0779
chrX	37791977	C	A	CYBB	1	A0365
chrX	37791988	NG	N	CYBB	1	A1439
chrX	37791993	C	T	CYBB	27	A0029,A0149,A0178,A0264,A0265,A0266,A0460,A0461,A0462,A0463,A0464,A0643,A0799,A0800,A0801,A0802,A0803,A0804,A0805,A0806,A0807,A0808,A0809,A0810,A0811,A1418,A1419
chrX	37791997	NG	N	CYBB	1	A0798
chrX	37792008	NAGGAA	N	CYBB	1	A0812
chrX	37792017	NA	N	CYBB	1	A0097
chrX	37792018	N	TCC	CYBB	3	A0813,A0814,A0815
chrX	37792023	C	T	CYBB	1	A0381
chrX	37792024	A	G	CYBB	2	A0017,A0248
chrX	37792040	G	A	CYBB	3	A0015,A0479,A0586
chrX	37792042	T	G	CYBB	2	A0410,A0816
chrX	37792043	N	NG	CYBB	1	A0057
chrX	37792048	NCA	N	CYBB	2	A0210,A0817
chrX	37792052	N	AT	CYBB	1	A0819
chrX	37792052	NTC	N	CYBB	1	A0818
chrX	37792056	T	C	CYBB	1	A0820
chrX	37793666	NG	N	CYBB	1	A0827
chrX	37793670	C	T	CYBB	1	A0383
chrX	37793672	C	A	CYBB	1	A0382
chrX	37793681	NA	N	CYBB	1	A0103
chrX	37793683	A	G	CYBB	2	A0384,A0385
chrX	37793683	N	NA	CYBB	1	A0007
chrX	37793686	T	C	CYBB	1	A0249
chrX	37793687	NATTTAATGTGGAATGG	N	CYBB	1	A0828
chrX	37793697	G	T	CYBB	1	A0829
chrX	37793701	G	A	CYBB	1	A0830
chrX	37793702	G	T	CYBB	1	A0480
chrX	37793702	G	A	CYBB	1	A0564
chrX	37793709	N	DUP	CYBB	1	A0831
chrX	37793715	C	T	CYBB	43	A0065,A0113,A0267,A0268,A0269,A0270,A0271,A0272,A0427,A0428,A0429,A0430,A0431,A0432,A0587,A0596,A0834,A0835,A0836,A0837,A0838,A0839,A0840,A0841,A0842,A0843,A0844,A0845,A0846,A0847,A0848,A0849,A0850,A0851,A0852,A0853,A0854,A0855,A0856,A0857,A0858,A0859,A0860
chrX	37793715	NC	N	CYBB	2	A0832,A0833
chrX	37793715	N	NT	CYBB	1	A0080
chrX	37793716	G	T	CYBB	1	A0862
chrX	37793716	G	C	CYBB	1	A0861
chrX	37793721	NAATAATTCTGATC	N	CYBB	1	A0863
chrX	37793725	NA	N	CYBB	1	A0543
chrX	37793738	T	A	CYBB	1	A0864
chrX	37793739	NTCAGTAG	N	CYBB	1	A0865
chrX	37793740	C	A	CYBB	2	A0866,A0867
chrX	37793749	T	C	CYBB	2	A0559,A0868
chrX	37793751	T	C	CYBB	1	A0465
chrX	37793769	N	T	CYBB	1	A0111
chrX	37793769	C	T	CYBB	2	A0273,A0420
chrX	37793773	N	NA	CYBB	1	A0139
chrX	37793775	G	T	CYBB	1	A0869
chrX	37793777	NAA	N	CYBB	1	A0870
chrX	37793782	NAT	N	CYBB	1	A0332
chrX	37793783	T	A	CYBB	2	A0124,A0644
chrX	37793785	T	G	CYBB	2	A0871,A0872
chrX	37793788	NA	N	CYBB	1	A0873
chrX	37793793	G	A	CYBB	3	A0055,A0137,A0187
chrX	37793796	C	T	CYBB	31	A0074,A0075,A0095,A0098,A0152,A0177,A0274,A0275,A0276,A0277,A0433,A0434,A0565,A0566,A0567,A0568,A0874,A0875,A0876,A0877,A0878,A0879,A0880,A0881,A0882,A0883,A0884,A0885,A0886,A0887,A1424
chrX	37793799	NAAGA	N	CYBB	1	A0311
chrX	37793802	NAGAATAA	N	CYBB	1	A0888
chrX	37793806	N	NT	CYBB	1	A0335
chrX	37793809	A	G	CYBB	2	A0179,A0180
chrX	37793810	G	T	CYBB	1	A0233
chrX	37795984	NC	N	CYBB	1	A0217
chrX	37796002	G	A	CYBB	1	A0375
chrX	37796002	G	T	CYBB	2	A0901,A0902
chrX	37796003	G	A	CYBB	1	A0903
chrX	37796015	NCGCTGTGCCTCA	N	CYBB	1	A0904
chrX	37796020	T	C	CYBB	1	A0905
chrX	37796021	NG	N	CYBB	1	A0218
chrX	37796022	C	A	CYBB	3	A0182,A0358,A0906
chrX	37796022	N	DUP	CYBB	1	A0585
chrX	37796026	NATATTAATT	N	CYBB	1	A0907
chrX	37796032	NATTA	N	CYBB	3	A0309,A0908,A0909
chrX	37796040	N	DUP	CYBB	1	A0910
chrX	37796044	T	C	CYBB	3	A0627,A0911,A0912
chrX	37796045	C	T	CYBB	2	A0466,A0913
chrX	37796049	N	NAAAACA	CYBB	1	A0914
chrX	37796059	NC	N	CYBB	1	A0915
chrX	37796062	NA	N	CYBB	1	A0320
chrX	37796063	N	NGTCTTACT	CYBB	1	A0916
chrX	37796070	C	G	CYBB	1	A0917
chrX	37796070	NC	N	CYBB	1	A0333
chrX	37796073	N	GG	CYBB	1	A0918
chrX	37796074	G	T	CYBB	2	A0278,A0919
chrX	37796080	T	A	CYBB	1	A0060
chrX	37796081	NTTTGGTACACACATCATCT	N	CYBB	1	A0920
chrX	37796085	G	A	CYBB	1	A0921
chrX	37796088	C	A	CYBB	1	A0012
chrX	37796092	C	T	CYBB	5	A0006,A0387,A0388,A0389,A0922
chrX	37796092	NCA	N	CYBB	1	A0211
chrX	37796093	A	G	CYBB	2	A0386,A0923
chrX	37796094	T	A	CYBB	2	A0125,A0924
chrX	37796095	N	DUP	CYBB	1	A0597
chrX	37796099	T	C	CYBB	1	A0925
chrX	37796099	T	G	CYBB	1	A0926
chrX	37796103	NT	N	CYBB	2	A0927,A0928
chrX	37796113	NTTC	N	CYBB	3	A0010,A0058,A0085
chrX	37796131	C	A	CYBB	1	A0390
chrX	37796131	C	T	CYBB	1	A0394
chrX	37796132	A	T	CYBB	1	A0931
chrX	37796132	A	G	CYBB	6	A0250,A0391,A0392,A0393,A0929,A0930
chrX	37796134	N	TT	CYBB	1	A0109
chrX	37796134	G	T	CYBB	1	A0932
chrX	37796138	C	G	CYBB	1	A0351
chrX	37796141	A	T	CYBB	2	A0933,A0934
chrX	37798956	C	T	CYBB	62	A0132,A0150,A0279,A0280,A0281,A0282,A0283,A0284,A0435,A0436,A0437,A0438,A0439,A0440,A0441,A0442,A0588,A0957,A0958,A0959,A0960,A0961,A0962,A0963,A0964,A0965,A0966,A0967,A0968,A0969,A0970,A0971,A0972,A0973,A0974,A0975,A0976,A0977,A0978,A0979,A0980,A0981,A0982,A0983,A0984,A0985,A0986,A0987,A0988,A0989,A0990,A0991,A0992,A0993,A0994,A0995,A0996,A0997,A0998,A0999,A1000,A1440
chrX	37798971	C	T	CYBB	4	A0421,A0422,A1001,A1002
chrX	37798980	G	T	CYBB	1	A0607
chrX	37798983	NAG	N	CYBB	5	A0120,A0212,A0323,A1003,A1004
chrX	37798986	N	DUP	CYBB	1	A0344
chrX	37798993	NT	N	CYBB	1	A0628
chrX	37798996	NATAAT	N	CYBB	1	A0117
chrX	37799010	T	G	CYBB	1	A0359
chrX	37799010	T	C	CYBB	2	A0171,A1006
chrX	37799010	T	A	CYBB	1	A1005
chrX	37799011	G	C	CYBB	1	A0251
chrX	37799011	G	A	CYBB	3	A0252,A1007,A1008
chrX	37799012	T	A	CYBB	1	A1009
chrX	37799013	G	T	CYBB	1	A1010
chrX	37799016	C	T	CYBB	10	A0122,A0123,A0186,A0423,A1011,A1012,A1013,A1014,A1015,A1016
chrX	37799018	N	T	CYBB	1	A0021
chrX	37799022	N	NA	CYBB	32	A0002,A0061,A0062,A0121,A0126,A0146,A0162,A0170,A0189,A0337,A0338,A0339,A0340,A0341,A0342,A0343,A0602,A0603,A0604,A1017,A1018,A1019,A1020,A1021,A1022,A1023,A1024,A1025,A1026,A1027,A1028,A1029
chrX	37799032	G	A	CYBB	2	A0285,A1030
chrX	37799034	G	T	CYBB	1	A1031
chrX	37799035	NG	N	CYBB	5	A0219,A0220,A0195,A1032,A1033
chrX	37799035	NGA	N	CYBB	1	A1034
chrX	37799040	N	NA	CYBB	1	A0128
chrX	37799049	T	C	CYBB	2	A1035,A1036
chrX	37799051	C	A	CYBB	2	A0360,A1038
chrX	37799051	NC	N	CYBB	1	A1037
chrX	37799059	C	G	CYBB	1	A1039
chrX	37799061	C	T	CYBB	5	A0020,A0286,A0424,A0425,A1040
chrX	37799061	NCA	N	CYBB	1	A0001
chrX	37799066	N	NTGCTGGAAACCCTCCTATGGT	CYBB	1	A1416
chrX	37799068	NC	N	CYBB	1	A0582
chrX	37799077	NC	N	CYBB	2	A0316,A1041
chrX	37799079	N	NAA	CYBB	1	A1042
chrX	37801261	G	A	CYBB	2	A0624,A1052
chrX	37801262	A	T	CYBB	1	A1053
chrX	37801267	G	A	CYBB	4	A0047,A0099,A0287,A0482
chrX	37801282	NGTTTCTGTATCTCTGTGAGAGGT	N	CYBB	1	A1054
chrX	37801291	T	A	CYBB	1	A1055
chrX	37801295	N	.	CYBB	1	A0536
chrX	37801296	N	NG	CYBB	1	A1056
chrX	37801318	G	A	CYBB	2	A0542,A1057
chrX	37801319	C	T	CYBB	41	A0045,A0046,A0145,A0159,A0194,A0198,A0288,A0289,A0443,A0444,A0445,A0446,A0447,A0448,A0449,A0450,A0451,A0452,A0453,A0639,A1058,A1059,A1060,A1061,A1062,A1063,A1064,A1065,A1066,A1067,A1068,A1069,A1070,A1071,A1072,A1073,A1074,A1075,A1076,A1077,A1433
chrX	37801321	NATCTCAACAG	N	CYBB	1	A0321
chrX	37801334	N	DUP	CYBB	1	A1078
chrX	37801345	NC	N	CYBB	2	A1079,A1080
chrX	37801348	G	A	CYBB	2	A1081,A1082
chrX	37801348	G	T	CYBB	1	A0402
chrX	37803882	N	NC	CYBB	1	A1087
chrX	37803883	A	C	CYBB	1	A1088
chrX	37803885	NTCAC	N	CYBB	1	A1089
chrX	37803886	C	A	CYBB	2	A0538,A0648
chrX	37803886	C	T	CYBB	1	A1090
chrX	37803888	C	A	CYBB	7	A1091,A1092,A1093,A1094,A1095,A1096,A1097
chrX	37803890	C	A	CYBB	1	A1436
chrX	37803890	C	T	CYBB	2	A1098,A1099
chrX	37803894	NC	N	CYBB	1	A0558
chrX	37803895	A	T	CYBB	1	A0290
chrX	37803898	A	C	CYBB	2	A0469,A0590
chrX	37803898	NA	N	CYBB	1	A0221
chrX	37803901	N	NGTTTC	CYBB	1	A1101
chrX	37803902	N	NTCCTTTCA	CYBB	1	A1100
chrX	37803904	G	A	CYBB	16	A0101,A0102,A0368,A0369,A0370,A0371,A0372,A1102,A1103,A1104,A1105,A1106,A1107,A1108,A1437,A1438
chrX	37803904	G	T	CYBB	2	A1109,A1110
chrX	37803908	T	C	CYBB	1	A1111
chrX	37803910	NC	N	CYBB	1	A1112
chrX	37803914	T	A	CYBB	1	A0629
chrX	37803914	T	G	CYBB	2	A0253,A1113
chrX	37803922	NAAG	N	CYBB	4	A0163,A0208,A0209,A1114
chrX	37803927	NG	N	CYBB	1	A0222
chrX	37803937	G	T	CYBB	1	A0569
chrX	37803937	NG	N	CYBB	2	A1115,A1116
chrX	37803939	NA	N	CYBB	1	A0306
chrX	37803944	G	A	CYBB	2	A0377,A1117
chrX	37803944	NG	N	CYBB	1	A0118
chrX	37803946	C	T	CYBB	1	A0067
chrX	37803951	C	A	CYBB	1	A1118
chrX	37803952	A	T	CYBB	1	A0401
chrX	37803958	NG	N	CYBB	1	A0584
chrX	37803960	NCAAGT	N	CYBB	1	A1119
chrX	37803964	T	C	CYBB	1	A1120
chrX	37803971	N	GGGGG	CYBB	1	A1121
chrX	37803973	NG	N	CYBB	1	A0571
chrX	37803976	T	C	CYBB	1	A0200
chrX	37803977	C	C	CYBB	1	A1432
chrX	37803985	G	T	CYBB	5	A0087,A0088,A0291,A1122,A1123
chrX	37803989	G	A	CYBB	3	A0292,A0535,A1124
chrX	37803990	G	A	CYBB	3	A1125,A1126,A1127
chrX	37803991	C	A	CYBB	1	A0396
chrX	37803991	C	T	CYBB	7	A0014,A0084,A0254,A0397,A0398,A1128,A1129
chrX	37803992	A	G	CYBB	5	A1130,A1131,A1132,A1133,A1420
chrX	37803993	C	A	CYBB	3	A1134,A1135,A1136
chrX	37803995	C	A	CYBB	13	A0070,A0096,A0416,A0417,A1137,A1138,A1139,A1140,A1141,A1142,A1143,A1144,A1145
chrX	37803995	C	T	CYBB	1	A1146
chrX	37803995	NC	N	CYBB	1	A0317
chrX	37803995	N	NC	CYBB	2	A0347,A1147
chrX	37804001	C	T	CYBB	1	A0470
chrX	37804001	C	A	CYBB	1	A0255
chrX	37804004	T	A	CYBB	4	A0064,A0256,A0404,A1148
chrX	37804006	A	C	CYBB	2	A0471,A1149
chrX	37804009	T	C	CYBB	2	A1150,A1151
chrX	37804009	N	NCT	CYBB	2	A1152,A1153
chrX	37804010	C	T	CYBB	4	A0467,A0468,A1154,A1155
chrX	37804011	NC	N	CYBB	2	A0324,A0325
chrX	37804017	NT	N	CYBB	6	A0129,A0130,A0161,A0318,A1156,A1157
chrX	37804040	A	C	CYBB	2	A1158,A1159
chrX	37804040	A	G	CYBB	2	A0399,A0400
chrX	37804041	NTATCCGCATC	N	CYBB	1	A0207
chrX	37804042	NATCCGCAT	N	CYBB	1	A1161
chrX	37804042	NA	N	CYBB	1	A1160
chrX	37804046	G	C	CYBB	1	A0454
chrX	37804054	G	A	CYBB	4	A0056,A0378,A1162,A1163
chrX	37804055	G	C	CYBB	1	A0611
chrX	37804055	G	T	CYBB	1	A0379
chrX	37804060	T	C	CYBB	3	A1164,A1165,A1166
chrX	37804061	G	A	CYBB	1	A1167
chrX	37804062	G	A	CYBB	3	A0484,A1168,A1169
chrX	37804064	C	T	CYBB	3	A1170,A1171,A1172
chrX	37804064	C	G	CYBB	1	A1173
chrX	37804073	T	C	CYBB	2	A0405,A1174
chrX	37804073	N	NT	CYBB	1	A1175
chrX	37804074	NG	N	CYBB	1	A1176
chrX	37804084	T	C	CYBB	1	A0257
chrX	37804099	C	T	CYBB	2	A1177,A1178
chrX	37804102	G	T	CYBB	3	A0610,A1179,A1180
chrX	37804108	C	T	CYBB	1	A0293
chrX	37804115	N	NC	CYBB	1	A1181
chrX	37804118	G	A	CYBB	3	A0086,A0174,A1182
chrX	37804119	G	A	CYBB	3	A1183,A1184,A1185
chrX	37804123	N	NAGGT	CYBB	1	A1186
chrX	37804126	NCCTA	N	CYBB	1	A0315
chrX	37805008	T	G	CYBB	1	A1202
chrX	37805017	NA	N	CYBB	1	A1203
chrX	37805019	G	A	CYBB	1	A1204
chrX	37805020	G	C	CYBB	1	A0004
chrX	37805020	G	A	CYBB	2	A0380,A1205
chrX	37805020	G	T	CYBB	1	A1206
chrX	37805020	N	TGTTCAGC	CYBB	1	A1207
chrX	37805021	NG	N	CYBB	1	A1208
chrX	37805023	C	T	CYBB	3	A0258,A0418,A1209
chrX	37805031	NA	N	CYBB	1	A1210
chrX	37805034	N	ATGTGATGAACACAT	CYBB	2	A0072,A0073
chrX	37805040	NGAAGATGTGT	N	CYBB	1	A1211
chrX	37805044	NAT	N	CYBB	1	A0213
chrX	37805068	T	G	CYBB	1	A0142
chrX	37805075	G	A	CYBB	1	A1422
chrX	37805076	G	A	CYBB	3	A0157,A0158,A1212
chrX	37805076	G	C	CYBB	1	A1213
chrX	37805077	G	A	CYBB	4	A0013,A0016,A0190,A0191
chrX	37805087	N	NGGGGTCACACCCTTCGCATCCATT	CYBB	1	A1218
chrX	37805088	G	A	CYBB	1	A1214
chrX	37805088	G	C	CYBB	2	A1215,A1216
chrX	37805089	G	A	CYBB	1	A1217
chrX	37805091	N	NG	CYBB	2	A0144,A1219
chrX	37805098	C	A	CYBB	5	A0048,A0049,A0076,A0077,A0107
chrX	37805098	C	T	CYBB	3	A0112,A1220,A1221
chrX	37805098	C	G	CYBB	1	A0419
chrX	37805107	C	A	CYBB	1	A1222
chrX	37805109	N	NA	CYBB	1	A0574
chrX	37805113	T	C	CYBB	1	A0406
chrX	37805118	T	C	CYBB	1	A0202
chrX	37805119	C	A	CYBB	1	A1223
chrX	37805119	NCAGTCTGGT	N	CYBB	1	A1224
chrX	37805125	G	A	CYBB	1	A1225
chrX	37805126	G	A	CYBB	4	A0622,A0623,A1226,A1227
chrX	37805126	NG	N	CYBB	1	A0330
chrX	37805129	C	G	CYBB	1	A0496
chrX	37805135	T	G	CYBB	1	A1228
chrX	37805138	C	A	CYBB	1	A0598
chrX	37805141	N	AAGCCA	CYBB	1	A0617
chrX	37805148	NA	N	CYBB	1	A1229
chrX	37805163	A	T	CYBB	2	A0403,A1230
chrX	37805167	NA	N	CYBB	3	A0053,A0054,A1231
chrX	37805167	N	T	CYBB	1	A0091
chrX	37805168	NG	N	CYBB	2	A1232,A1233
chrX	37806387	NA	N	CYBB	1	A0081
chrX	37806392	C	A	CYBB	1	A0151
chrX	37806392	C	G	CYBB	1	A1240
chrX	37806398	C	G	CYBB	1	A0589
chrX	37806399	NT	N	CYBB	1	A0630
chrX	37806401	G	A	CYBB	2	A0168,A0485
chrX	37806405	T	C	CYBB	1	A0605
chrX	37806407	C	A	CYBB	3	A0361,A1241,A1242
chrX	37806412	NA	N	CYBB	1	A1243
chrX	37806420	NGCCTT	N	CYBB	1	A0308
chrX	37806422	NC	N	CYBB	1	A0192
chrX	37806426	G	T	CYBB	1	A0373
chrX	37806429	T	C	CYBB	3	A0486,A0487,A1245
chrX	37806429	T	A	CYBB	2	A0613,A1244
chrX	37806429	NTG	N	CYBB	1	A1246
chrX	37806430	G	A	CYBB	1	A0488
chrX	37806431	G	A	CYBB	3	A0489,A1247,A1248
chrX	37806435	NGCAGATCTGCTGC	N	CYBB	1	A1249
chrX	37806447	C	T	CYBB	1	A1250
chrX	37806447	NC	N	CYBB	1	A1435
chrX	37806454	NT	N	CYBB	1	A1251
chrX	37806456	G	T	CYBB	2	A0374,A1252
chrX	37806468	C	T	CYBB	2	A0426,A1253
chrX	37806471	G	T	CYBB	2	A1254,A1255
chrX	37806479	N	TGTTGTA	CYBB	1	A1256
chrX	37806487	NG	N	CYBB	2	A0092,A0093
chrX	37806493	T	G	CYBB	1	A1257
chrX	37806500	C	A	CYBB	1	A0071
chrX	37806509	C	A	CYBB	3	A0631,A1258,A1259
chrX	37806513	A	C	CYBB	1	A1260
chrX	37806519	NTGGGATGAGTCTC	N	CYBB	1	A0331
chrX	37806520	G	A	CYBB	3	A1261,A1262,A1263
chrX	37806521	G	A	CYBB	1	A0294
chrX	37806527	NG	N	CYBB	1	A0165
chrX	37806528	N	NT	CYBB	3	A0184,A0185,A1264
chrX	37809568	C	A	CYBB	1	A1417
chrX	37809569	NC	N	CYBB	1	A0114
chrX	37809589	A	C	CYBB	2	A1272,A1273
chrX	37809593	NTGA	N	CYBB	1	A1274
chrX	37809602	NA	N	CYBB	1	A0312
chrX	37809603	G	C	CYBB	2	A0632,A1277
chrX	37809603	G	A	CYBB	3	A0366,A1275,A1276
chrX	37809603	G	T	CYBB	3	A0367,A1278,A1279
chrX	37809604	A	G	CYBB	1	A0019
chrX	37809605	T	G	CYBB	1	A1280
chrX	37809614	NA	N	CYBB	2	A1281,A1282
chrX	37809619	T	C	CYBB	2	A0407,A1284
chrX	37809619	T	G	CYBB	3	A0408,A0573,A1283
chrX	37809620	NGAAACAAAAGA	N	CYBB	1	A1285
chrX	37809624	C	T	CYBB	4	A0116,A1286,A1287,A1288
chrX	37809626	N	CATCTGGG	CYBB	1	A0068
chrX	37809627	NAA	N	CYBB	1	A0313
chrX	37809628	NA	N	CYBB	3	A0314,A1289,A1290
chrX	37809629	NGACT	N	CYBB	1	A1291
chrX	37809633	NTT	N	CYBB	4	A0143,A1292,A1293,A1441
chrX	37809637	N	TTCA	CYBB	1	A0645
chrX	37809638	T	A	CYBB	1	A1294
chrX	37809639	G	A	CYBB	2	A1428,A1429
chrX	37809651	T	C	CYBB	1	A0494
chrX	37809651	T	A	CYBB	1	A1295
chrX	37809652	G	A	CYBB	3	A0570,A1296,A1297
chrX	37809653	G	T	CYBB	1	A0094
chrX	37809653	G	A	CYBB	3	A0295,A0296,A1298
chrX	37809654	NG	N	CYBB	1	A1299
chrX	37809660	G	T	CYBB	1	A0059
chrX	37809666	A	T	CYBB	1	A0025
chrX	37809670	NC	N	CYBB	1	A0326
chrX	37809676	C	T	CYBB	2	A1301,A1302
chrX	37809683	NA	N	CYBB	1	A0319
chrX	37810802	NGAG	N	CYBB	2	A1308,A1309
chrX	37810804	NGTTTTCCTCTGTGGA	N	CYBB	1	A0329
chrX	37810805	T	A	CYBB	1	A0147
chrX	37810807	NTTCCTCT	N	CYBB	1	A1310
chrX	37810811	N	NT	CYBB	1	A0345
chrX	37810813	T	C	CYBB	2	A0199,A0545
chrX	37810815	NTG	N	CYBB	1	A1311
chrX	37810822	NG	N	CYBB	3	A0537,A1312,A1313
chrX	37810826	N	DUP	CYBB	1	A0183
chrX	37810829	T	C	CYBB	1	A0082
chrX	37810841	T	C	CYBB	1	A0409
chrX	37810841	T	G	CYBB	1	A1314
chrX	37810846	A	T	CYBB	1	A1315
chrX	37810849	C	T	CYBB	1	A0297
chrX	37810862	NA	N	CYBB	1	A1316
chrX	37810865	NCT	N	CYBB	1	A1317
chrX	37810865	N	NGAGTCTGGCCCTCGGGGAGTGCATTTCA	CYBB	2	A0300,A1321
chrX	37810866	N	NT	CYBB	5	A0302,A0348,A0556,A1318,A1319
chrX	37810866	N	NGT	CYBB	1	A1320
chrX	37810882	G	T	CYBB	1	A1322
chrX	37810883	NG	N	CYBB	3	A0307,A1323,A1324
chrX	37810886	N	.	CYBB	2	A0155,A1325
chrX	37810898	N	NT	CYBB	1	A1326
chrX	37810906	G	A	CYBB	1	A0259
chrX	47626424	C	T	CFP	1	P0035
chrX	47626432	A	G	CFP	1	P0011
chrX	47626498	G	C	CFP	5	P0021,P0022,P0023,P0024,P0025
chrX	47626499	T	G	CFP	8	P0009,P0028,P0029,P0030,P0031,P0032,P0033,P0034
chrX	47626820	G	T	CFP	2	P0026,P0027
chrX	47626923	NGCCTTGGG	N	CFP	6	P0015,P0016,P0017,P0018,P0019,P0020
chrX	47627236	NTG	N	CFP	1	P0010
chrX	47627290	C	G	CFP	2	P0013,P0014
chrX	47627486	C	T	CFP	1	P0036
chrX	47627564	C	T	CFP	2	P0001,P0002
chrX	47628207	C	T	CFP	2	P0007,P0008
chrX	47628270	C	T	CFP	5	P0003,P0004,P0005,P0006,P0012
chrX	123885954	NC	N	BIRC4	5	B0001,B0002,B0003,B0004,B0005
chrX	123885972	C	T	BIRC4	1	B0019
chrX	123886014	G	T	BIRC4	1	B0006
chrX	123886225	G	A	BIRC4	1	B0016
chrX	123886530	N	NT	BIRC4	1	B0017
chrX	123891257	C	T	BIRC4	1	B0018
chrX	123891279	A	G	BIRC4	1	B0010
chrX	123907095	A	T	BIRC4	1	B0009
chrX	123907132	C	G	BIRC4	1	B0014
chrX	123907168	T	A	BIRC4	1	B0015
chrX	136648279	C	T	CD40L	3	C0079,C0217,C0232
chrX	136648326	T	G	CD40L	1	C0156
chrX	136648335	NT	N	CD40L	1	C0251
chrX	136648355	T	G	CD40L	2	C0095,C0096
chrX	136648360	G	C	CD40L	2	C0028,C0042
chrX	136648364	C	A	CD40L	1	C0037
chrX	136648390	A	T	CD40L	1	C0061
chrX	136648402	A	T	CD40L	1	C0157
chrX	136648404	G	A	CD40L	1	C0050
chrX	136650266	NATAG	N	CD40L	4	C0003,C0112,C0196,C0244
chrX	136650267	NTAGA	N	CD40L	2	C0145,C0146
chrX	136650275	G	T	CD40L	1	C0080
chrX	136650293	NGATTTTGTATTCATGAA	N	CD40L	1	C0252
chrX	136650317	C	T	CD40L	1	C0161
chrX	136650317	NCA	N	CD40L	1	C0197
chrX	136650319	N	NT	CD40L	1	C0002
chrX	136650325	C	A	CD40L	3	C0106,C0220,C0221
chrX	136650335	G	T	CD40L	2	C0043,C0073
chrX	136650351	N	NT	CD40L	3	C0008,C0009,C0152
chrX	136650395	A	T	CD40L	1	C0216
chrX	136654378	NA	N	CD40L	1	C0010
chrX	136654386	N	NA	CD40L	1	C0143
chrX	136654403	NAAAGAAA	N	CD40L	1	C0011
chrX	136654406	G	T	CD40L	1	C0204
chrX	136654407	NA	N	CD40L	1	C0162
chrX	136654418	G	T	CD40L	1	C0140
chrX	136654430	G	C	CD40L	1	C0007
chrX	136654430	G	A	CD40L	1	C0131
chrX	136656376	NG	N	CD40L	1	C0069
chrX	136656377	C	A	CD40L	3	C0045,C0046,C0206
chrX	136656383	A	G	CD40L	1	C0071
chrX	136656385	N	NA	CD40L	1	C0018
chrX	136656386	T	C	CD40L	1	C0062
chrX	136656386	T	A	CD40L	1	C0245
chrX	136656389	N	NAA	CD40L	1	C0111
chrX	136656390	N	NA	CD40L	1	C0063
chrX	136656390	N	NG	CD40L	3	C0114,C0118,C0119
chrX	136656393	T	A	CD40L	1	C0203
chrX	136656404	N	NA	CD40L	1	C0170
chrX	136656418	N	.	CD40L	3	C0064,C0065,C0066
chrX	136659044	C	T	CD40L	1	C0173
chrX	136659047	T	G	CD40L	2	C0070,C0142
chrX	136659047	T	C	CD40L	2	C0031,C0109
chrX	136659048	G	A	CD40L	5	C0004,C0005,C0006,C0092,C0093
chrX	136659049	G	T	CD40L	2	C0208,C0097
chrX	136659053	NGAAAAA	N	CD40L	1	C0190
chrX	136659057	T	C	CD40L	1	C0058
chrX	136659058	N	NA	CD40L	1	C0120
chrX	136659060	G	A	CD40L	2	C0032,C0209
chrX	136659062	NTAC	N	CD40L	1	C0191
chrX	136659064	C	A	CD40L	1	C0174
chrX	136659069	C	A	CD40L	1	C0074
chrX	136659073	NG	N	CD40L	2	C0233,C0234
chrX	136659073	NGAGCA	N	CD40L	1	C0029
chrX	136659093	T	C	CD40L	6	C0001,C0101,C0102,C0155,C0210,C0241
chrX	136659099	NA	N	CD40L	1	C0223
chrX	136659101	NG	N	CD40L	1	C0053
chrX	136659111	T	C	CD40L	1	C0250
chrX	136659124	NA	N	CD40L	2	C0025,C0026
chrX	136659125	C	T	CD40L	3	C0175,C0176,C0177
chrX	136659128	G	C	CD40L	1	C0249
chrX	136659128	G	T	CD40L	2	C0211,C0212
chrX	136659134	T	G	CD40L	2	C0178,C0179
chrX	136659134	T	A	CD40L	1	C0215
chrX	136659137	NTATATCTAT	N	CD40L	1	C0148
chrX	136659138	A	G	CD40L	3	C0085,C0086,C0242
chrX	136659140	NATC	N	CD40L	1	C0072
chrX	136659140	NAT	N	CD40L	1	C0154
chrX	136659147	C	A	CD40L	2	C0016,C0017
chrX	136659149	C	T	CD40L	1	C0180
chrX	136659150	A	G	CD40L	4	C0038,C0150,C0213,C0224
chrX	136659150	NAA	N	CD40L	1	C0149
chrX	136659156	C	T	CD40L	1	C0034
chrX	136659168	NA	N	CD40L	1	C0147
chrX	136659175	N	NATA	CD40L	1	C0059
chrX	136659180	C	A	CD40L	2	C0098,C0024
chrX	136659185	C	T	CD40L	2	C0081,C0181
chrX	136659188	NG	N	CD40L	1	C0192
chrX	136659206	N	NCT	CD40L	1	C0067
chrX	136659206	N	NCAGCC	CD40L	2	C0121,C0122
chrX	136659213	T	C	CD40L	1	C0039
chrX	136659227	A	T	CD40L	3	C0103,C0182,C0183
chrX	136659233	G	T	CD40L	2	C0040,C0041
chrX	136659233	N	NA	CD40L	2	C0055,C0056
chrX	136659237	G	T	CD40L	1	C0184
chrX	136659265	NCA	N	CD40L	1	C0110
chrX	136659280	N	NT	CD40L	1	C0020
chrX	136659283	C	A	CD40L	9	C0094,C0185,C0186,C0214,C0225,C0226,C0227,C0228,C0229
chrX	136659287	C	T	CD40L	3	C0033,C0187,C0188
chrX	136659290	C	T	CD40L	2	C0054,C0082
chrX	136659294	C	T	CD40L	1	C0139
chrX	136659306	G	C	CD40L	2	C0014,C0015
chrX	136659308	G	T	CD40L	1	C0243
chrX	136659308	NGGA	N	CD40L	1	C0113
chrX	136659309	G	T	CD40L	1	C0075
chrX	136659312	N	NATT	CD40L	1	C0036
chrX	136659316	T	A	CD40L	1	C0246
chrX	136659321	T	C	CD40L	2	C0083,C0084
chrX	136659323	C	T	CD40L	3	C0104,C0105,C0230
chrX	136659332	G	C	CD40L	1	C0076
chrX	136659338	N	NC	CD40L	1	C0027
chrX	136659339	T	A	CD40L	1	C0099
chrX	136659355	NTG	N	CD40L	1	C0060
chrX	136659386	T	A	CD40L	1	C0240
chrX	136659390	C	T	CD40L	7	C0019,C0077,C0078,C0151,C0153,C0189,C0248
chrX	136659398	G	A	CD40L	1	C0030
chrX	136659399	G	A	CD40L	1	C0013
chrX	136659402	T	C	CD40L	5	C0087,C0088,C0089,C0090,C0091
chrX	136659405	NT	N	CD40L	1	C0051
chrX	154765472	T	C	DKC1	1	D0006
chrX	154765505	C	T	DKC1	5	D0003,D0004,D0007,D0008,D0009
chrX	154765525	N	TC	DKC1	1	D0013
chrX	154765949	C	T	DKC1	1	D0010
chrX	154766313	A	G	DKC1	2	D0001,D0002
chrX	154773152	C	T	DKC1	2	D0005,D0011
