gene,accession,status,strand,n_total,n_substitution,n_deletion,n_duplication,n_indel,n_insertion,n_unknown,n_anchorable,n_unanchorable,frac_anchorable,n_matched,n_in_test,match_rate,binomial_p,wilson_ci_low,wilson_ci_high,gene_span_bp,anchor_span_bp,coverage_frac,max_gap_bp,anchors_per_kb
ADA,,no_fasta,,87,77,10,0,0,0,0,87,0,1.0,0,0,0.0,,,,0,0,0.0,0,0.0
AICDA,,no_fasta,,44,44,0,0,0,0,0,44,0,1.0,0,0,0.0,,,,0,0,0.0,0,0.0
AIRE,NG_009556.1,ok,+,414,262,114,9,3,26,0,388,26,0.9372,304,306,0.9935,2.47642800513004e-179,0.9804,1.0,16404,11697,0.7131,2537,23.653
AK2,NG_016269.1,ok,+,18,12,6,0,0,0,0,18,0,1.0,18,18,1.0,1.4551915228366852e-11,0.8693,1.0,24547,23483,0.9567,15188,0.733
AP3B1,NG_007268.1,ok,+,16,4,10,0,2,0,0,16,0,1.0,6,6,1.0,0.000244140625,0.6892,1.0,154404,152141,0.9853,86026,0.104
BIRC4,NG_007264.1,ok,+,17,8,8,1,0,0,0,17,0,1.0,14,14,1.0,3.725290298461914e-09,0.838,1.0,47971,21214,0.4422,15816,0.292
BLM,NG_007272.1,ok,+,207,80,41,14,69,3,0,204,3,0.9855,135,135,1.0,5.271098971615262e-82,0.9804,1.0,92828,61741,0.6651,13372,2.198
BLNK,NG_007575.1,ok,+,2,2,0,0,0,0,0,2,0,1.0,2,2,1.0,0.0625,0.425,1.0,10199,0,0.0,0,0.196
BTK,,no_fasta,,612,435,106,45,14,12,0,600,12,0.9804,0,0,0.0,,,,0,0,0.0,0,0.0
C1QA,NG_007282.1,ok,+,17,16,1,0,0,0,0,17,0,1.0,17,17,1.0,5.820766091346741e-11,0.8627,1.0,2713,1544,0.5691,1518,6.266
C1QB,NG_007283.1,ok,+,10,10,0,0,0,0,0,10,0,1.0,10,10,1.0,9.5367431640625e-07,0.7871,1.0,9108,1773,0.1947,1572,1.098
C1QC,NG_007565.1,ok,+,10,8,2,0,0,0,0,10,0,1.0,10,10,1.0,9.5367431640625e-07,0.7871,1.0,4639,3148,0.6786,3127,2.156
C1S,NG_011694.1,ok,+,11,8,3,0,0,0,0,11,0,1.0,11,11,1.0,2.384185791015625e-07,0.8026,1.0,10626,5179,0.4874,2514,1.035
C2,NG_011730.1,ok,+,3,1,2,0,0,0,0,3,0,1.0,1,1,1.0,0.25,0.2699,1.0,2151,2151,1.0,5175,1.395
C3,,ok,+,22,16,2,0,0,2,2,18,2,0.8182,16,16,1.0,2.3283064365386963e-10,0.8554,1.0,43362,34219,0.7891,14782,0.415
C5,NG_007364.1,ok,+,11,10,0,0,1,0,0,11,0,1.0,10,10,1.0,9.5367431640625e-07,0.7871,1.0,88510,87443,0.9879,54614,0.124
C6,NG_011582.1,ok,+,16,3,13,0,0,0,0,16,0,1.0,16,16,1.0,2.3283064365386963e-10,0.8554,1.0,71714,53556,0.7468,21982,0.223
C7,,no_fasta,,56,45,11,0,0,0,0,56,0,1.0,0,0,0.0,,,,0,0,0.0,0,0.0
C8B,NG_007285.1,ok,+,106,104,2,0,0,0,0,106,0,1.0,106,106,1.0,1.5192908393215678e-64,0.9751,1.0,26012,15924,0.6122,8634,4.075
C9,NG_009894.1,ok,+,14,14,0,0,0,0,0,14,0,1.0,14,14,1.0,3.725290298461914e-09,0.838,1.0,24202,845,0.0349,836,0.578
CARD9,,no_fasta,,14,14,0,0,0,0,0,14,0,1.0,0,0,0.0,,,,0,0,0.0,0,0.0
CASP10,NG_007265.1,ok,+,3,3,0,0,0,0,0,3,0,1.0,3,3,1.0,0.015625,0.5258,1.0,27207,1261,0.0463,1261,0.11
CASP8,NG_007497.1,ok,+,4,4,0,0,0,0,0,4,0,1.0,4,4,1.0,0.00390625,0.5965,1.0,19791,0,0.0,0,0.202
CD19,NG_007275.1,ok,+,9,1,6,2,0,0,0,9,0,1.0,9,9,1.0,3.814697265625e-06,0.7689,1.0,6680,1483,0.222,1458,1.347
CD247,NG_007384.1,ok,+,4,2,0,0,0,2,0,2,2,0.5,2,2,1.0,0.0625,0.425,1.0,80235,0,0.0,0,0.025
CD3D,NG_009891.1,ok,+,12,12,0,0,0,0,0,12,0,1.0,12,12,1.0,5.960464477539063e-08,0.816,1.0,3143,539,0.1715,539,3.818
CD3E,NG_007383.1,ok,+,2,0,2,0,0,0,0,2,0,1.0,2,2,1.0,0.0625,0.425,1.0,8907,0,0.0,0,0.225
CD3G,NG_007566.1,ok,+,2,2,0,0,0,0,0,2,0,1.0,2,2,1.0,0.0625,0.425,1.0,6483,0,0.0,0,0.308
CD40,,no_fasta,,6,6,0,0,0,0,0,6,0,1.0,0,0,0.0,,,,0,0,0.0,0,0.0
CD40L,NG_007280.1,ok,+,233,173,37,2,0,21,0,212,21,0.9099,199,205,0.9707,2.6663156512778776e-110,0.9444,1.0,12212,11126,0.9111,3979,17.36
CD55,NG_007465.1,ok,+,18,18,0,0,0,0,0,18,0,1.0,18,18,1.0,1.4551915228366852e-11,0.8693,1.0,6250,4227,0.6763,3107,2.88
CD59,NG_008057.1,ok,+,2,0,2,0,0,0,0,2,0,1.0,2,2,1.0,0.0625,0.425,1.0,20063,0,0.0,0,0.1
CD79A,NG_009619.1,ok,+,4,4,0,0,0,0,0,4,0,1.0,4,4,1.0,0.00390625,0.5965,1.0,2924,239,0.0817,239,1.368
CD79B,NG_007368.1,ok,+,2,2,0,0,0,0,0,2,0,1.0,2,2,1.0,0.0625,0.425,1.0,2550,0,0.0,0,0.784
CD8A,NG_011608.2,ok,+,8,8,0,0,0,0,0,8,0,1.0,8,8,1.0,1.52587890625e-05,0.7473,1.0,1044,0,0.0,0,7.663
CEBPE,NG_009617.1,ok,+,5,1,2,2,0,0,0,5,0,1.0,4,5,0.8,0.015625,0.4353,1.0,3225,1162,0.3603,902,1.55
CFD,,no_fasta,,12,12,0,0,0,0,0,12,0,1.0,0,0,0.0,,,,0,0,0.0,0,0.0
CFH,,no_fasta,,123,116,6,0,0,1,0,122,1,0.9919,0,0,0.0,,,,0,0,0.0,0,0.0
CFI,NG_007569.1,ok,+,25,21,0,4,0,0,0,25,0,1.0,21,21,1.0,2.2737367544323206e-13,0.8859,1.0,60486,24127,0.3989,8022,0.413
CFP,NG_009893.1,ok,+,36,29,7,0,0,0,0,36,0,1.0,36,36,1.0,2.117582368135751e-22,0.9301,1.0,5627,1846,0.3281,643,6.398
CIITA,NG_009628.1,ok,+,13,10,3,0,0,0,0,13,0,1.0,10,10,1.0,9.5367431640625e-07,0.7871,1.0,35092,15640,0.4457,6686,0.37
CTSC,NG_007952.1,ok,+,250,218,28,2,0,2,0,248,2,0.992,248,248,1.0,4.887898181599368e-150,0.9892,1.0,44659,43540,0.9749,22495,5.553
CXCR4,NG_011587.1,ok,+,33,29,4,0,0,0,0,33,0,1.0,33,33,1.0,1.3552527156068805e-20,0.9242,1.0,4196,27,0.0064,7,7.865
CYBA,NG_007291.1,ok,+,168,100,45,23,0,0,0,168,0,1.0,158,160,0.9875,5.382101954117698e-92,0.9629,1.0,8585,7642,0.8902,2849,18.87
CYBB,NG_009065.1,ok,+,1392,953,299,82,33,22,3,1367,22,0.982,1204,1208,0.9967,0.0,0.9926,1.0,31843,30897,0.9703,7491,39.444
DCLRE1C,,no_fasta,,90,34,53,0,0,0,3,87,0,0.9667,0,0,0.0,,,,0,0,0.0,0,0.0
DKC1,NG_009780.1,ok,+,13,12,0,0,1,0,0,13,0,1.0,12,12,1.0,5.960464477539063e-08,0.816,1.0,12949,9234,0.7131,6839,1.004
DNMT3B,,no_fasta,,10,10,0,0,0,0,0,10,0,1.0,0,0,0.0,,,,0,0,0.0,0,0.0
ELA2,,no_fasta,,160,152,4,0,0,0,4,156,0,0.975,0,0,0.0,,,,0,0,0.0,0,0.0
FASLG,,no_fasta,,3,2,1,0,0,0,0,3,0,1.0,0,0,0.0,,,,0,0,0.0,0,0.0
FCGR1A,NG_007578.1,ok,+,8,8,0,0,0,0,0,8,0,1.0,8,8,1.0,1.52587890625e-05,0.7473,1.0,2493,0,0.0,0,3.209
FCGR3A,NG_009066.1,ok,+,6,6,0,0,0,0,0,6,0,1.0,6,6,1.0,0.000244140625,0.6892,1.0,2217,0,0.0,0,2.706
FERMT3,NG_016360.1,ok,+,50,48,0,0,0,2,0,48,2,0.96,47,47,1.0,5.048709793414476e-29,0.9456,1.0,17361,15682,0.9033,7903,2.765
FOXN1,,no_fasta,,4,4,0,0,0,0,0,4,0,1.0,0,0,0.0,,,,0,0,0.0,0,0.0
FOXP3,,no_fasta,,48,36,8,0,1,0,3,45,0,0.9375,0,0,0.0,,,,0,0,0.0,0,0.0
G6PC3,NG_015818.1,ok,+,41,39,0,0,0,2,0,39,2,0.9512,38,38,1.0,1.3234889800848443e-23,0.9335,1.0,6082,4725,0.7769,3591,6.412
GFI1,NG_007874.1,ok,+,5,5,0,0,0,0,0,5,0,1.0,5,5,1.0,0.0009765625,0.6489,1.0,11793,7291,0.6182,7228,0.424
HAX1,NG_007369.1,ok,+,74,25,5,4,0,40,0,34,40,0.4595,34,34,1.0,3.3881317890172014e-21,0.9263,1.0,3655,1792,0.4903,1039,9.302
IFNGR1,,no_fasta,,102,33,60,7,0,2,0,100,2,0.9804,0,0,0.0,,,,0,0,0.0,0,0.0
IFNGR2,NG_007570.2,ok,+,18,8,8,2,0,0,0,18,0,1.0,16,16,1.0,2.3283064365386963e-10,0.8554,1.0,30889,11232,0.3636,5319,0.583
IGHG2,,ok,+,10,6,0,4,0,0,0,10,0,1.0,6,10,0.6,0.019727706909179688,0.3516,1.0,1795,1282,0.7142,1282,5.571
IGHM,,no_fasta,,26,16,10,0,0,0,0,26,0,1.0,0,0,0.0,,,,0,0,0.0,0,0.0
IGLL1,NG_009791.1,ok,+,1,1,0,0,0,0,0,1,0,1.0,1,1,1.0,0.25,0.2699,1.0,258,0,0.0,0,3.876
IKBKG,,no_fasta,,84,41,29,0,0,14,0,70,14,0.8333,0,0,0.0,,,,0,0,0.0,0,0.0
IL12B,NG_009618.1,ok,+,28,0,10,18,0,0,0,28,0,1.0,24,24,1.0,3.552713678800501e-15,0.8987,1.0,9817,727,0.0741,704,2.852
IL12RB1,NG_007366.2,ok,+,112,87,9,4,12,0,0,112,0,1.0,95,95,1.0,6.372367644529809e-58,0.9723,1.0,26768,25635,0.9577,4561,4.184
IL2RA,NG_007403.1,ok,+,1,1,0,0,0,0,0,1,0,1.0,1,1,1.0,0.25,0.2699,1.0,39016,0,0.0,0,0.026
IL7R,NG_009567.1,ok,+,12,12,0,0,0,0,0,12,0,1.0,11,11,1.0,2.384185791015625e-07,0.8026,1.0,17604,12592,0.7153,6493,0.682
IRAK4,NG_009892.1,ok,+,41,31,6,4,0,0,0,41,0,1.0,41,41,1.0,2.0679515313825692e-25,0.9381,1.0,29351,18269,0.6224,8176,1.397
ITGB2,NG_007270.2,ok,+,206,149,44,0,12,1,0,205,1,0.9951,186,186,1.0,1.03954097656449e-112,0.9857,1.0,35054,32908,0.9388,8963,5.791
JAK3,NG_007273.1,ok,+,48,41,6,1,0,0,0,48,0,1.0,48,48,1.0,1.262177448353619e-29,0.9466,1.0,19255,14198,0.7374,2819,2.493
LIG1,NG_007395.1,ok,+,1,1,0,0,0,0,0,1,0,1.0,1,1,1.0,0.25,0.2699,1.0,38293,0,0.0,0,0.026
LIG4,NG_007396.1,ok,+,16,14,2,0,0,0,0,16,0,1.0,16,16,1.0,2.3283064365386963e-10,0.8554,1.0,6954,2432,0.3497,737,2.301
LYST,NG_007397.1,ok,+,63,26,29,2,0,6,0,57,6,0.9048,54,54,1.0,3.0814879110195774e-33,0.9523,1.0,190799,169233,0.887,20125,0.299
MAPBPIP,NG_009898.1,ok,+,8,8,0,0,0,0,0,8,0,1.0,8,8,1.0,1.52587890625e-05,0.7473,1.0,4581,0,0.0,0,1.746
MASP2,NG_007289.2,ok,+,2,2,0,0,0,0,0,2,0,1.0,2,2,1.0,0.0625,0.425,1.0,1630,0,0.0,0,1.227
MLPH,NG_007286.1,ok,+,2,2,0,0,0,0,0,2,0,1.0,2,2,1.0,0.0625,0.425,1.0,7243,0,0.0,0,0.276
MPO,,no_fasta,,46,38,8,0,0,0,0,46,0,1.0,0,0,0.0,,,,0,0,0.0,0,0.0
MRE11A,NG_007261.1,ok,+,33,31,0,2,0,0,0,33,0,1.0,33,33,1.0,1.3552527156068805e-20,0.9242,1.0,57639,42520,0.7377,22260,0.573
MYO5A,NG_009887.1,ok,+,4,4,0,0,0,0,0,4,0,1.0,4,4,1.0,0.00390625,0.5965,1.0,178684,25068,0.1403,25068,0.022
NCF1,,ok,+,53,7,46,0,0,0,0,53,0,1.0,53,53,1.0,1.232595164407831e-32,0.9514,1.0,10506,6257,0.5956,5667,5.045
NCF2,NG_007267.1,ok,+,199,136,56,6,0,1,0,198,1,0.995,175,175,1.0,4.3601508761683463e-106,0.9848,1.0,31307,30054,0.96,9186,5.845
NFKBIA,NG_007571.1,ok,+,1,1,0,0,0,0,0,1,0,1.0,1,1,1.0,0.25,0.2699,1.0,1134,0,0.0,0,0.882
NHEJ1,NG_007880.1,ok,+,18,10,4,4,0,0,0,18,0,1.0,16,18,0.8889,2.0838342607021332e-08,0.7136,1.0,25092,11616,0.4629,10495,0.717
NP,NG_009631.1,ok,+,24,23,1,0,0,0,0,24,0,1.0,24,24,1.0,3.552713678800501e-15,0.8987,1.0,8023,4066,0.5068,2025,2.991
NRAS,,no_fasta,,1,1,0,0,0,0,0,1,0,1.0,0,0,0.0,,,,0,0,0.0,0,0.0
ORAI1,NG_007500.1,ok,+,7,5,0,0,0,2,0,5,2,0.7143,5,5,1.0,0.0009765625,0.6489,1.0,15176,14033,0.9247,14033,0.329
PIK3R1,,no_fasta,,1,1,0,0,0,0,0,1,0,1.0,0,0,0.0,,,,0,0,0.0,0,0.0
PRF1,NG_009615.1,ok,+,236,187,49,0,0,0,0,236,0,1.0,236,236,1.0,8.200532357869981e-143,0.9887,1.0,6031,2755,0.4568,1201,39.131
PRKDC,NG_023435.1,ok,+,2,0,2,0,0,0,0,2,0,1.0,1,1,1.0,0.25,0.2699,1.0,102329,0,0.0,0,0.02
PTPN11,,no_fasta,,249,247,0,0,0,0,2,247,0,0.992,0,0,0.0,,,,0,0,0.0,0,0.0
PTPRC,NG_007730.2,ok,+,9,7,2,0,0,0,0,9,0,1.0,9,9,1.0,3.814697265625e-06,0.7689,1.0,71651,12971,0.181,12953,0.126
RAB27A,NG_009103.1,ok,+,95,41,52,0,2,0,0,95,0,1.0,87,87,1.0,4.176194859519056e-53,0.9698,1.0,66030,29309,0.4439,18225,1.439
RAC2,NG_007288.1,ok,+,2,2,0,0,0,0,0,2,0,1.0,2,2,1.0,0.0625,0.425,1.0,12413,0,0.0,0,0.161
RAD50,NG_021151.2,ok,+,1,1,0,0,0,0,0,1,0,1.0,1,1,1.0,0.25,0.2699,1.0,62245,0,0.0,0,0.016
RAG1,NG_007528.1,below_threshold,+,84,58,26,0,0,0,0,84,0,1.0,70,83,0.8434,9.598504948761268e-30,0.7671,1.0,9234,8866,0.9601,4753,9.097
RAG2,NG_007573.1,below_threshold,+,55,48,7,0,0,0,0,55,0,1.0,30,54,0.5556,1.6322653573145802e-06,0.4443,1.0,6510,5205,0.7995,3051,8.449
RASA1,,no_fasta,,3,3,0,0,0,0,0,3,0,1.0,0,0,0.0,,,,0,0,0.0,0,0.0
RASGRP2,NG_007574.1,ok,+,4,4,0,0,0,0,0,4,0,1.0,4,4,1.0,0.00390625,0.5965,1.0,16936,0,0.0,0,0.236
RFX5,,ok,+,15,15,0,0,0,0,0,15,0,1.0,15,15,1.0,9.313225746154785e-10,0.8472,1.0,33536,3124,0.0932,1287,0.447
RFXANK,NG_007432.1,ok,+,57,54,3,0,0,0,0,57,0,1.0,17,17,1.0,5.820766091346741e-11,0.8627,1.0,7870,2109,0.268,539,7.243
RFXAP,,no_fasta,,14,4,6,0,0,4,0,10,4,0.7143,0,0,0.0,,,,0,0,0.0,0,0.0
SBDS,NG_007277.1,ok,+,234,62,13,1,158,0,0,234,0,1.0,76,76,1.0,1.7516230804060213e-46,0.9656,1.0,8130,6890,0.8475,2783,28.782
SERPING1,,no_fasta,,267,183,58,16,7,1,2,264,1,0.9888,0,0,0.0,,,,0,0,0.0,0,0.0
SH2,,no_fasta,,351,328,15,6,0,0,2,349,0,0.9943,0,0,0.0,,,,0,0,0.0,0,0.0
SH2D1A,,no_fasta,,27,24,0,3,0,0,0,27,0,1.0,0,0,0.0,,,,0,0,0.0,0,0.0
SLC35C1,NG_009875.1,ok,+,18,16,2,0,0,0,0,18,0,1.0,18,18,1.0,1.4551915228366852e-11,0.8693,1.0,6444,5010,0.7775,4588,2.793
SMARCAL1,NG_009771.1,ok,+,59,53,3,1,0,2,0,57,2,0.9661,56,56,1.0,1.925929944387236e-34,0.9539,1.0,64512,63509,0.9845,24353,0.884
SP110,NG_008295.1,ok,+,12,0,12,0,0,0,0,12,0,1.0,12,12,1.0,5.960464477539063e-08,0.816,1.0,8567,4516,0.5271,4516,1.401
SPINK5,NG_009633.1,ok,+,131,53,45,29,0,4,0,127,4,0.9695,120,122,0.9836,2.3628247646457386e-69,0.9517,1.0,57277,54949,0.9594,14227,2.217
STAT1,NG_008294.1,ok,+,13,11,2,0,0,0,0,13,0,1.0,13,13,1.0,1.4901161193847656e-08,0.8277,1.0,38859,15477,0.3983,7608,0.335
STAT2,NG_046314.1,ok,+,10,10,0,0,0,0,0,10,0,1.0,10,10,1.0,9.5367431640625e-07,0.7871,1.0,5453,0,0.0,0,1.834
STAT3,NG_007370.1,ok,+,94,84,10,0,0,0,0,94,0,1.0,94,94,1.0,2.5489470578119236e-57,0.972,1.0,64723,11414,0.1764,4054,1.452
STAT5B,NG_007271.1,ok,+,8,4,0,4,0,0,0,8,0,1.0,8,8,1.0,1.52587890625e-05,0.7473,1.0,67275,13289,0.1975,7254,0.119
STIM1,NG_016277.1,ok,+,4,4,0,0,0,0,0,4,0,1.0,4,4,1.0,0.00390625,0.5965,1.0,200844,0,0.0,0,0.02
STX11,NG_007613.1,ok,+,38,10,10,0,18,0,0,38,0,1.0,18,18,1.0,1.4551915228366852e-11,0.8693,1.0,37898,10541,0.2781,9849,1.003
STXBP2,NG_016709.1,ok,+,52,47,5,0,0,0,0,52,0,1.0,52,52,1.0,4.930380657631324e-32,0.9505,1.0,11313,6692,0.5915,2210,4.596
TAP1,,no_fasta,,12,10,2,0,0,0,0,12,0,1.0,0,0,0.0,,,,0,0,0.0,0,0.0
TAP2,,no_fasta,,8,4,4,0,0,0,0,8,0,1.0,0,0,0.0,,,,0,0,0.0,0,0.0
TAZ,,no_fasta,,86,66,9,10,0,1,0,85,1,0.9884,0,0,0.0,,,,0,0,0.0,0,0.0
TCIRG1,,no_fasta,,59,0,7,0,0,3,49,7,3,0.1186,0,0,0.0,,,,0,0,0.0,0,0.0
TCN2,,no_fasta,,20,10,10,0,0,0,0,20,0,1.0,0,0,0.0,,,,0,0,0.0,0,0.0
TLR3,NG_007278.1,ok,+,3,3,0,0,0,0,0,3,0,1.0,3,3,1.0,0.015625,0.5258,1.0,15192,752,0.0495,752,0.197
TMC6,NG_007879.1,ok,+,21,15,2,4,0,0,0,21,0,1.0,17,17,1.0,5.820766091346741e-11,0.8627,1.0,14026,6946,0.4952,4721,1.497
TMC8,NG_007881.1,ok,+,22,16,6,0,0,0,0,22,0,1.0,20,22,0.9091,1.21985976875294e-10,0.7591,1.0,5179,3046,0.5881,1515,4.248
TNFRSF13B,NG_007281.1,ok,+,81,76,0,3,1,1,0,80,1,0.9877,79,79,1.0,2.7369110631344083e-48,0.9669,1.0,32737,31662,0.9672,19493,2.444
TYK2,NG_007872.1,ok,+,2,0,2,0,0,0,0,2,0,1.0,2,2,1.0,0.0625,0.425,1.0,11030,0,0.0,0,0.181
UNC13D,NG_007266.1,ok,+,111,75,31,5,0,0,0,111,0,1.0,107,109,0.9817,1.265331879961222e-61,0.9461,1.0,17673,15200,0.8601,3437,6.281
UNC93B1,NG_007581.1,ok,+,4,2,2,0,0,0,0,4,0,1.0,4,4,1.0,0.00390625,0.5965,1.0,8469,1701,0.2009,1701,0.472
UNG,NG_007284.1,ok,+,2,1,1,0,0,0,0,2,0,1.0,2,2,1.0,0.0625,0.425,1.0,2632,680,0.2584,680,0.76
WAS,,no_fasta,,262,213,30,15,0,4,0,258,4,0.9847,0,0,0.0,,,,0,0,0.0,0,0.0
ZAP70,NG_007727.1,ok,+,30,26,4,0,0,0,0,30,0,1.0,28,30,0.9333,3.4746511223815446e-15,0.8173,1.0,25494,13786,0.5408,7533,1.177
