gene,ng_accession,status,strand,sstart,send,matched,total,match_pct,non_matching_accessions
ADA,,no_fasta,,,,,,,
AICDA,,no_fasta,,,,,,,
AIRE,NG_009556.1,ok,+,1,16404,260,260,1.0,
AK2,NG_016269.1,ok,+,1,24547,12,12,1.0,
AP3B1,NG_007268.1,ok,+,1,154404,4,4,1.0,
BIRC4,NG_007264.1,ok,+,1,47971,8,8,1.0,
BLM,NG_007272.1,ok,+,1,92828,80,80,1.0,
BLNK,NG_007575.1,ok,+,1,10199,2,2,1.0,
BTK,,no_fasta,,,,,,,
C1QA,NG_007282.1,ok,+,1,2713,16,16,1.0,
C1QB,NG_007283.1,ok,+,1,9108,10,10,1.0,
C1QC,NG_007565.1,ok,+,1,4639,8,8,1.0,
C1S,NG_011694.1,ok,+,1,10626,8,8,1.0,
C2,NG_011730.1,ok,+,1,2151,1,1,1.0,
C3,,ok,+,1,43362,16,16,1.0,
C5,NG_007364.1,ok,+,1,88510,10,10,1.0,
C6,NG_011582.1,ok,+,1,71714,3,3,1.0,
C7,,no_fasta,,,,,,,
C8B,NG_007285.1,ok,+,1,26012,104,104,1.0,
C9,NG_009894.1,ok,+,1,24202,14,14,1.0,
CARD9,,no_fasta,,,,,,,
CASP10,NG_007265.1,ok,+,1,27207,3,3,1.0,
CASP8,NG_007497.1,ok,+,1,19791,4,4,1.0,
CD19,NG_007275.1,ok,+,1,5196,1,1,1.0,
CD247,NG_007384.1,ok,+,1,80235,2,2,1.0,
CD3D,NG_009891.1,ok,+,1,3143,12,12,1.0,
CD3G,NG_007566.1,ok,+,1,6483,2,2,1.0,
CD40,,no_fasta,,,,,,,
CD40L,NG_007280.1,ok,+,1,12209,165,169,0.9763,C0048;C0052;C0057;C0058
CD55,NG_007465.1,ok,+,1,6250,18,18,1.0,
CD79A,NG_009619.1,ok,+,1,2924,4,4,1.0,
CD79B,NG_007368.1,ok,+,1,2550,2,2,1.0,
CD8A,NG_011608.2,ok,+,1,1044,8,8,1.0,
CEBPE,NG_009617.1,ok,+,2,3226,1,1,1.0,
CFD,,no_fasta,,,,,,,
CFH,,no_fasta,,,,,,,
CFI,NG_007569.1,ok,+,1,60486,21,21,1.0,
CFP,NG_009893.1,ok,+,1,5627,29,29,1.0,
CIITA,NG_009628.1,ok,+,62,35153,10,10,1.0,
CTSC,NG_007952.1,ok,+,1,44659,218,218,1.0,
CXCR4,NG_011587.1,ok,+,1,4196,29,29,1.0,
CYBA,NG_007291.1,ok,+,1,8568,100,100,1.0,
CYBB,NG_009065.1,ok,+,1,31843,950,953,0.9969,A0514;A0528;A0953
DCLRE1C,,no_fasta,,,,,,,
DKC1,NG_009780.1,ok,+,1,12949,12,12,1.0,
DNMT3B,,no_fasta,,,,,,,
ELA2,,no_fasta,,,,,,,
FASLG,,no_fasta,,,,,,,
FCGR1A,NG_007578.1,ok,+,1,2493,8,8,1.0,
FCGR3A,NG_009066.1,ok,+,1,2217,6,6,1.0,
FERMT3,NG_016360.1,ok,+,1,17361,47,47,1.0,
FOXN1,,no_fasta,,,,,,,
FOXP3,,no_fasta,,,,,,,
G6PC3,NG_015818.1,ok,+,1,6082,38,38,1.0,
GFI1,NG_007874.1,ok,+,1,11793,5,5,1.0,
HAX1,NG_007369.1,ok,+,1,3655,25,25,1.0,
IFNGR1,,no_fasta,,,,,,,
IFNGR2,NG_007570.2,ok,+,1,25080,8,8,1.0,
IGHG2,,ok,+,1,513,6,6,1.0,
IGHM,,no_fasta,,,,,,,
IGLL1,NG_009791.1,ok,+,1,258,1,1,1.0,
IKBKG,,no_fasta,,,,,,,
IL12RB1,NG_007366.2,ok,+,1,26768,87,87,1.0,
IL2RA,NG_007403.1,ok,+,1,39016,1,1,1.0,
IL7R,NG_009567.1,ok,+,1,17604,11,11,1.0,
IRAK4,NG_009892.1,ok,+,1,29351,31,31,1.0,
ITGB2,NG_007270.2,ok,+,1,35054,149,149,1.0,
JAK3,NG_007273.1,ok,+,1,19255,41,41,1.0,
LIG1,NG_007395.1,ok,+,1,38293,1,1,1.0,
LIG4,NG_007396.1,ok,+,1,6954,14,14,1.0,
LYST,NG_007397.1,ok,+,1,190799,25,25,1.0,
MAPBPIP,NG_009898.1,ok,+,1,4581,8,8,1.0,
MASP2,NG_007289.2,ok,+,1,1630,2,2,1.0,
MLPH,NG_007286.1,ok,+,1,7243,2,2,1.0,
MPO,,no_fasta,,,,,,,
MRE11A,NG_007261.1,ok,+,1,57639,31,31,1.0,
MYO5A,NG_009887.1,ok,+,1,178684,4,4,1.0,
NCF1,,ok,+,1,10506,7,7,1.0,
NCF2,NG_007267.1,ok,+,1,31307,132,132,1.0,
NFKBIA,NG_007571.1,ok,+,1,1134,1,1,1.0,
NHEJ1,NG_007880.1,ok,+,1,25092,10,10,1.0,
NP,NG_009631.1,ok,+,1,8023,23,23,1.0,
NRAS,,no_fasta,,,,,,,
ORAI1,NG_007500.1,ok,+,1,15176,5,5,1.0,
PIK3R1,,no_fasta,,,,,,,
PRF1,NG_009615.1,ok,+,1,6023,187,187,1.0,
PTPN11,,no_fasta,,,,,,,
PTPRC,NG_007730.2,ok,+,1,58693,7,7,1.0,
RAB27A,NG_009103.1,ok,+,1,66030,41,41,1.0,
RAC2,NG_007288.1,ok,+,1,12413,2,2,1.0,
RAD50,NG_021151.2,ok,+,1,62245,1,1,1.0,
RAG1,NG_007528.1,below_threshold,+,1,9234,51,57,0.8947,R0008;R0014;R0030;R0031;R0034
RAG2,NG_007573.1,below_threshold,+,1,6510,37,47,0.7872,S0007;S0009;S0014;S0015;S0016;S0017
RASA1,,no_fasta,,,,,,,
RASGRP2,NG_007574.1,ok,+,1,16936,4,4,1.0,
RFX5,,ok,+,1,33536,15,15,1.0,
RFXANK,NG_007432.1,ok,+,1,7870,16,16,1.0,
RFXAP,,no_fasta,,,,,,,
SBDS,NG_007277.1,ok,+,1,8130,62,62,1.0,
SERPING1,,no_fasta,,,,,,,
SH2,,no_fasta,,,,,,,
SH2D1A,,no_fasta,,,,,,,
SLC35C1,NG_009875.1,ok,+,1,6444,16,16,1.0,
SMARCAL1,NG_009771.1,ok,+,1,64512,53,53,1.0,
SPINK5,NG_009633.1,ok,+,1,57019,51,53,0.9623,S0071
STAT1,NG_008294.1,ok,+,1,38859,11,11,1.0,
STAT2,NG_046314.1,ok,+,1,5453,10,10,1.0,
STAT3,NG_007370.1,ok,+,1,64595,84,84,1.0,
STAT5B,NG_007271.1,ok,+,1,67275,4,4,1.0,
STIM1,NG_016277.1,ok,+,1,200844,4,4,1.0,
STX11,NG_007613.1,ok,+,1,37898,10,10,1.0,
STXBP2,NG_016709.1,ok,+,1,11313,47,47,1.0,
TAP1,,no_fasta,,,,,,,
TAP2,,no_fasta,,,,,,,
TAZ,,no_fasta,,,,,,,
TCN2,,no_fasta,,,,,,,
TLR3,NG_007278.1,ok,+,1,15192,3,3,1.0,
TMC6,NG_007879.1,ok,+,1,14026,15,15,1.0,
TMC8,NG_007881.1,ok,+,1,5179,16,16,1.0,
TNFRSF13B,NG_007281.1,ok,+,1,32737,76,76,1.0,
UNC13D,NG_007266.1,ok,+,1,17673,73,73,1.0,
UNC93B1,NG_007581.1,ok,+,1,6765,2,2,1.0,
UNG,NG_007284.1,ok,+,1,1952,1,1,1.0,
WAS,,no_fasta,,,,,,,
ZAP70,NG_007727.1,ok,+,1,25494,24,26,0.9231,Z0012
