gene	accession	notation	reason
ADA	A0047	c.EX5del	unparseable c. notation
ADA	A0020	c.EX4del	unparseable c. notation
ADA	A0067	c.1112-15TGAACCAACGAG>A	unparseable c. notation
AICDA	A0068	c.G>T	unparseable c. notation
AICDA	A0068	c.G>T	unparseable c. notation
AICDA	A0069	c.G>T	unparseable c. notation
AICDA	A0069	c.G>T	unparseable c. notation
AICDA	A0045	c.A>G	unparseable c. notation
AICDA	A0045	c.A>G	unparseable c. notation
AIRE	A0104	c.170_171ins	unparseable c. notation
AIRE	A0106	c.170_171ins	unparseable c. notation
AIRE	A0267	c.967>	unparseable c. notation
AIRE	A0081	c.	unparseable c. notation
AIRE	A0211	c.132+5G>	unparseable c. notation
BIRC4	B0011	c.1100-?_1300+?del	unparseable c. notation
BIRC4	B0012	c.1-?_1099+?del	unparseable c. notation
BIRC4	B0013	c.1-?_1099+?del	unparseable c. notation
BTK	A0625	c.135G>T	out of scope
BTK	A0800	c.135G>T	out of scope
BTK	A0801	c.135G>T	out of scope
BTK	A1438	c.3G>T	out of scope
BTK	A1440	c.3G>T	out of scope
BTK	A1441	c.3G>T	out of scope
BTK	A1457	c.2T>A	out of scope
BTK	A1081	c.2T>C	out of scope
BTK	A1051	c.12dupG	out of scope
BTK	A1052	c.12dupG	out of scope
BTK	A1370	c.29T>A	out of scope
BTK	A1070	c.32T>C	out of scope
BTK	A0679	c.37C>T	out of scope
BTK	A0811	c.169C>T	out of scope
BTK	A0853	c.169C>T	out of scope
BTK	A0854	c.169C>T	out of scope
BTK	A1082	c.37C>T	out of scope
BTK	A1310	c.37C>T	out of scope
BTK	A1521	c.37C>T	out of scope
BTK	A1332	c.41C>A	out of scope
BTK	A1083	c.43C>T	out of scope
BTK	A0937	c.49A>G	out of scope
BTK	A1483	c.62C>A	out of scope
BTK	A1084	c.63delA	out of scope
BTK	A1523	c.64C>G	out of scope
BTK	A0840	c.214C>T	out of scope
BTK	A0863	c.214C>T	out of scope
BTK	A1236	c.82C>T	out of scope
BTK	A1311	c.82C>T	out of scope
BTK	A1443	c.82C>T	out of scope
BTK	A1458	c.82C>T	out of scope
BTK	A1459	c.82C>T	out of scope
BTK	A1519	c.82C>T	out of scope
BTK	A0599	c.215G>A	out of scope
BTK	A0765	c.215G>A	out of scope
BTK	A0865	c.215G>A	out of scope
BTK	A0917	c.83G>A	out of scope
BTK	A1085	c.83G>A	out of scope
BTK	A1335	c.83G>A	out of scope
BTK	A1404	c.83G>A	out of scope
BTK	A1410	c.83G>A	out of scope
BTK	A0847	c.215G>T	out of scope
BTK	A0918	c.82C>A	out of scope
BTK	A1334	c.82C>A	out of scope
BTK	A1371	c.87_99delGTTTCTCTTGACC	out of scope
BTK	A1086	c.92T>C	out of scope
BTK	A0987	c.95T>C	out of scope
BTK	A0988	c.95T>C	out of scope
BTK	A1446	c.95T>C	out of scope
BTK	A0938	c.95T>G	out of scope
BTK	A0841	c.230C>T	out of scope
BTK	A1252	c.98C>T	out of scope
BTK	A1336	c.110T>C	out of scope
BTK	A0759	c.248A>G	out of scope
BTK	A0989	c.116A>G	out of scope
BTK	A1372	c.115T>A	out of scope
BTK	A1373	c.115T>A	out of scope
BTK	A0939	c.117C>A	out of scope
BTK	A0940	c.117C>A	out of scope
BTK	A0846	c.251A>G	out of scope
BTK	A1026	c.119_141delATGAGTATGACTTTGAACGTGGG	out of scope
BTK	A1354	c.118_119delTA	out of scope
BTK	A1525	c.126T>G	out of scope
BTK	A0749	c.126_127insA	out of scope
BTK	A1368	c.137_139delinsTT	out of scope
BTK	A1087	c.141delG	out of scope
BTK	A0919	c.142_147delAGAAGA	out of scope
BTK	A1028	c.156delG	out of scope
BTK	A0770	c.291delG	out of scope
BTK	A0792	c.292delG	out of scope
BTK	A0942	c.160delG	out of scope
BTK	A1071	c.167T>C	out of scope
BTK	A0368	c.174dupT	out of scope
BTK	A0407	c.308_310delAGA	out of scope
BTK	A0778	c.308_310delAGA	out of scope
BTK	A0779	c.308_310delAGA	out of scope
BTK	A0780	c.308_310delAGA	out of scope
BTK	A0781	c.308_310delAGA	out of scope
BTK	A0868	c.310_312delAAG	out of scope
BTK	A0786	c.314T>C	out of scope
BTK	A0787	c.314T>C	out of scope
BTK	A0788	c.314T>C	out of scope
BTK	A0518	c.214_215delinsT	out of scope
BTK	A0869	c.346_347delAA	out of scope
BTK	A0870	c.346_347delAA	out of scope
BTK	A0147	c.215dupA	out of scope
BTK	A0148	c.215dupA	out of scope
BTK	A0149	c.215dupA	out of scope
BTK	A0150	c.215dupA	out of scope
BTK	A0228	c.215dupA	out of scope
BTK	A0626	c.215dupA	out of scope
BTK	A0627	c.215dupA	out of scope
BTK	A0871	c.215dupA	out of scope
BTK	A0943	c.232C>T	out of scope
BTK	A1089	c.232C>T	out of scope
BTK	A0828	c.364_379del	out of scope
BTK	A1503	c.241_309del	out of scope
BTK	A0944	c.269delA	out of scope
BTK	A1091	c.263_269dup	out of scope
BTK	A0990	c.292T>G	out of scope
BTK	A1348	c.300T>G	out of scope
BTK	A0812	c.440A>G	out of scope
BTK	A1093	c.310_311delGT	out of scope
BTK	A1448	c.332T>C	out of scope
BTK	A0945	c.334T>C	out of scope
BTK	A1094	c.336C>G	out of scope
BTK	A1068	c.340_347delTTCTCCCC	out of scope
BTK	A0946	c.372G>T	out of scope
BTK	A0947	c.372G>T	out of scope
BTK	A1312	c.370T>C	out of scope
BTK	A1460	c.370T>C	out of scope
BTK	A0839	c.504G>A	out of scope
BTK	A1313	c.371G>A	out of scope
BTK	A1029	c.392_1566del	out of scope
BTK	A1485	c.405delC	out of scope
BTK	A1064	c.404_413dup	out of scope
BTK	A1374	c.421A>T	out of scope
BTK	A1375	c.421A>T	out of scope
BTK	A0371	c.450dupG	out of scope
BTK	A0948	c.460T>G	out of scope
BTK	A0914	c.593G>A	out of scope
BTK	A0923	c.464G>A	out of scope
BTK	A1369	c.471_487delinsTGGTC	out of scope
BTK	A0560	c.470dupA	out of scope
BTK	A1030	c.472_475delACAG	out of scope
BTK	A0111	c.477_478insT	out of scope
BTK	A0723	c.482dupA	out of scope
BTK	A0921	c.494G>A	out of scope
BTK	A0922	c.494G>A	out of scope
BTK	A1098	c.496C>T	out of scope
BTK	A0567	c.510_511insG	out of scope
BTK	A1099	c.513dupG	out of scope
BTK	A0112	c.524dupT	out of scope
BTK	A0231	c.524dupT	out of scope
BTK	A0696	c.524dupT	out of scope
BTK	A1102	c.557_558delinsT	out of scope
BTK	A0233	c.557dupA	out of scope
BTK	A0697	c.557dupA	out of scope
BTK	A1463	c.579G>T	out of scope
BTK	A0873	c.709G>T	out of scope
BTK	A1232	c.588G>C	out of scope
BTK	A0843	c.718C>T	out of scope
BTK	A1477	c.586C>T	out of scope
BTK	A1456	c.590_1809del	out of scope
BTK	A0024	c.589-8_589-1dup	out of scope
BTK	A1315	c.588_589insATACATAG	out of scope
BTK	A0874	c.740delC	out of scope
BTK	A0486	c.608_610delinsTGGTG	out of scope
BTK	A0834	c.744_745delTG	out of scope
BTK	A0802	c.774_775delTG	out of scope
BTK	A1186	c.655delG	out of scope
BTK	A1103	c.669T>G	out of scope
BTK	A1032	c.671delA	out of scope
BTK	A0416	c.682delinsGT	out of scope
BTK	A1376	c.685_694delAATGCAAATG	out of scope
BTK	A0849	c.832C>T	out of scope
BTK	A0850	c.832C>T	out of scope
BTK	A0924	c.700C>T	out of scope
BTK	A1066	c.700C>T	out of scope
BTK	A1515	c.700C>T	out of scope
BTK	A0791	c.842_845delAGGG	out of scope
BTK	A1015	c.718G>T	out of scope
BTK	A1486	c.720delA	out of scope
BTK	A0399	c.726dupT	out of scope
BTK	A0949	c.740delG	out of scope
BTK	A1016	c.756G>A	out of scope
BTK	A1350	c.755G>A	out of scope
BTK	A0875	c.895C>T	out of scope
BTK	A0876	c.895C>T	out of scope
BTK	A0877	c.895C>T	out of scope
BTK	A0878	c.895C>T	out of scope
BTK	A0950	c.763C>T	out of scope
BTK	A0951	c.763C>T	out of scope
BTK	A0952	c.763C>T	out of scope
BTK	A1017	c.763C>T	out of scope
BTK	A1018	c.763C>T	out of scope
BTK	A1019	c.763C>T	out of scope
BTK	A1104	c.763C>T	out of scope
BTK	A1105	c.763C>T	out of scope
BTK	A1487	c.763C>T	out of scope
BTK	A0089	c.781delinsTTA	out of scope
BTK	A1356	c.817delG	out of scope
BTK	A1106	c.838G>T	out of scope
BTK	A0879	c.970_973delGAGT	out of scope
BTK	A1219	c.838_841delGAGT	out of scope
BTK	A1065	c.843G>A	out of scope
BTK	A1505	c.843_974+1del	out of scope
BTK	A1109	c.854delA	out of scope
BTK	A1110	c.856_857delAT	out of scope
BTK	A1445	c.857_867delinsGGTGGTATTCCAAA	out of scope
BTK	A0959	c.863G>A	out of scope
BTK	A1112	c.863G>A	out of scope
BTK	A1113	c.863G>A	out of scope
BTK	A1338	c.863G>A	out of scope
BTK	A0926	c.862C>T	out of scope
BTK	A0927	c.862C>T	out of scope
BTK	A0928	c.862C>T	out of scope
BTK	A0929	c.862C>T	out of scope
BTK	A0954	c.862C>T	out of scope
BTK	A0955	c.862C>T	out of scope
BTK	A0956	c.862C>T	out of scope
BTK	A0957	c.862C>T	out of scope
BTK	A0958	c.862C>T	out of scope
BTK	A0993	c.862C>T	out of scope
BTK	A0994	c.862C>T	out of scope
BTK	A1111	c.862C>T	out of scope
BTK	A1481	c.862C>T	out of scope
BTK	A1464	c.862C>T	out of scope
BTK	A1114	c.862_865delCGGA	out of scope
BTK	A1377	c.881T>C	out of scope
BTK	A1447	c.887delA	out of scope
BTK	A0880	c.1021C>T	out of scope
BTK	A1465	c.892_893insTTGCTAAAGCAACTGCTAAAGCAAG	out of scope
BTK	A1033	c.895_974del	out of scope
BTK	A1504	c.896_974+1del	out of scope
BTK	A1035	c.901_903delGAA	out of scope
BTK	A0960	c.905G>A	out of scope
BTK	A0930	c.904G>A	out of scope
BTK	A0931	c.904G>A	out of scope
BTK	A0803	c.1038_1040delAGG	out of scope
BTK	A1357	c.916_917delGT	out of scope
BTK	A0995	c.919A>G	out of scope
BTK	A0881	c.1052G>A	out of scope
BTK	A0996	c.921A>G	out of scope
BTK	A0961	c.922_923delGA	out of scope
BTK	A1420	c.922_923delGA	out of scope
BTK	A1116	c.942delA	out of scope
BTK	A1406	c.946A>G	out of scope
BTK	A1358	c.947_948delCA	out of scope
BTK	A1378	c.950T>G	out of scope
BTK	A1117	c.953C>T	out of scope
BTK	A1466	c.953C>T	out of scope
BTK	A0882	c.1084T>C	out of scope
BTK	A1379	c.952_953delTC	out of scope
BTK	A1426	c.970_971insT	out of scope
BTK	A1036	c.975_1102del	out of scope
BTK	A0962	c.982C>T	out of scope
BTK	A1351	c.982C>T	out of scope
BTK	A1380	c.995_1002delGTCATTAT	out of scope
BTK	A1316	c.997C>T	out of scope
BTK	A1121	c.1001A>C	out of scope
BTK	A0682	c.1009T>G	out of scope
BTK	A0376	c.1014_1017dup	out of scope
BTK	A0764	c.1159C>T	out of scope
BTK	A1122	c.1037T>C	out of scope
BTK	A0683	c.1037T>G	out of scope
BTK	A1189	c.1039G>C	out of scope
BTK	A1450	c.1039G>C	out of scope
BTK	A1427	c.1041delT	out of scope
BTK	A0726	c.1044dupG	out of scope
BTK	A1317	c.1064T>A	out of scope
BTK	A1381	c.1064T>A	out of scope
BTK	A1382	c.1064T>A	out of scope
BTK	A1425	c.1064T>C	out of scope
BTK	A0963	c.1072C>T	out of scope
BTK	A0684	c.1079delA	out of scope
BTK	A1123	c.1081T>G	out of scope
BTK	A1124	c.1083C>A	out of scope
BTK	A1383	c.1087C>T	out of scope
BTK	A0964	c.1088dupA	out of scope
BTK	A1125	c.1090C>G	out of scope
BTK	A0851	c.1223A>C	out of scope
BTK	A0852	c.1223A>C	out of scope
BTK	A1384	c.1100C>A	out of scope
BTK	A1385	c.1100C>A	out of scope
BTK	A1467	c.1103G>A	out of scope
BTK	A1126	c.1102G>T	out of scope
BTK	A0966	c.1105C>T	out of scope
BTK	A1516	c.1105C>T	out of scope
BTK	A1512	c.1106T>C	out of scope
BTK	A1039	c.1106_1107delTC	out of scope
BTK	A0883	c.1243T>C	out of scope
BTK	A0884	c.1243T>C	out of scope
BTK	A1059	c.1114A>G	out of scope
BTK	A1524	c.1117C>A	out of scope
BTK	A1238	c.1122A>C	out of scope
BTK	A0059	c.1116_1131dup	out of scope
BTK	A0060	c.1116_1131dup	out of scope
BTK	A1128	c.1138C>T	out of scope
BTK	A1129	c.1138C>T	out of scope
BTK	A1130	c.1145_1147delinsTT	out of scope
BTK	A0763	c.1288_1292delTCCAC	out of scope
BTK	A0753	c.1166dupG	out of scope
BTK	A1386	c.1171G>T	out of scope
BTK	A0686	c.1176C>A	out of scope
BTK	A0685	c.1175dupA	out of scope
BTK	A1131	c.1184G>A	out of scope
BTK	A0885	c.1335_1338delCCTG	out of scope
BTK	A0808	c.1337T>C	out of scope
BTK	A0809	c.1337T>C	out of scope
BTK	A1405	c.1223T>C	out of scope
BTK	A0237	c.1227dupG	out of scope
BTK	A0677	c.1227dupG	out of scope
BTK	A0687	c.1227dupG	out of scope
BTK	A1132	c.1255G>A	out of scope
BTK	A1233	c.1263G>A	out of scope
BTK	A1190	c.1278delC	out of scope
BTK	A1421	c.1278delC	out of scope
BTK	A0688	c.1288A>G	out of scope
BTK	A1352	c.1288A>T	out of scope
BTK	A1478	c.1321G>T	out of scope
BTK	A1040	c.1350_1631del	out of scope
BTK	A1497	c.1351_2989del	out of scope
BTK	A1502	c.1351_1566+1del	out of scope
BTK	A1493	c.1351_1750+1del	out of scope
BTK	A0689	c.1355T>C	out of scope
BTK	A1133	c.1355T>C	out of scope
BTK	A1339	c.1361A>G	out of scope
BTK	A1387	c.1363G>T	out of scope
BTK	A0968	c.1383_1384delTG	out of scope
BTK	A0915	c.1517G>A	out of scope
BTK	A1134	c.1385G>A	out of scope
BTK	A1135	c.1418_1420delTCA	out of scope
BTK	A0829	c.1558T>G	out of scope
BTK	A1409	c.1427delA	out of scope
BTK	A0819	c.1587C>A	out of scope
BTK	A1388	c.1457_1458delTG	out of scope
BTK	A1389	c.1462G>T	out of scope
BTK	A1390	c.1462G>T	out of scope
BTK	A1391	c.1480C>T	out of scope
BTK	A1392	c.1480C>T	out of scope
BTK	A1468	c.1486C>T	out of scope
BTK	A0886	c.1621C>T	out of scope
BTK	A0887	c.1621C>T	out of scope
BTK	A1021	c.1489C>T	out of scope
BTK	A1022	c.1498G>T	out of scope
BTK	A0842	c.1634T>C	out of scope
BTK	A1488	c.1505G>A	out of scope
BTK	A1136	c.1511A>T	out of scope
BTK	A1469	c.1514T>A	out of scope
BTK	A1137	c.1517G>T	out of scope
BTK	A0818	c.1659G>A	out of scope
BTK	A0836	c.1658T>C	out of scope
BTK	A1192	c.1526T>C	out of scope
BTK	A1341	c.1526T>C	out of scope
BTK	A1453	c.1526T>C	out of scope
BTK	A0580	c.1525dupA	out of scope
BTK	A1138	c.1525dupA	out of scope
BTK	A1139	c.1533C>A	out of scope
BTK	A0214	c.1528_1531dup	out of scope
BTK	A0216	c.1528_1531dup	out of scope
BTK	A0933	c.1535T>C	out of scope
BTK	A0888	c.1690C>G	out of scope
BTK	A0889	c.1691G>A	out of scope
BTK	A0890	c.1691G>A	out of scope
BTK	A0891	c.1691G>A	out of scope
BTK	A0892	c.1691G>A	out of scope
BTK	A0971	c.1559G>A	out of scope
BTK	A1142	c.1559G>A	out of scope
BTK	A1143	c.1559G>A	out of scope
BTK	A0969	c.1558C>T	out of scope
BTK	A0970	c.1558C>T	out of scope
BTK	A1023	c.1558C>T	out of scope
BTK	A1140	c.1558C>T	out of scope
BTK	A1141	c.1558C>T	out of scope
BTK	A1318	c.1558C>T	out of scope
BTK	A1439	c.1558C>T	out of scope
BTK	A1144	c.1562A>G	out of scope
BTK	A1393	c.1565T>C	out of scope
BTK	A0974	c.1574G>C	out of scope
BTK	A1319	c.1574G>A	out of scope
BTK	A1320	c.1574G>A	out of scope
BTK	A1024	c.1573C>T	out of scope
BTK	A1025	c.1573C>T	out of scope
BTK	A1146	c.1574_1575dup	out of scope
BTK	A1147	c.1579T>A	out of scope
BTK	A0094	c.1581_1584delTTTG	out of scope
BTK	A0200	c.1581_1584delTTTG	out of scope
BTK	A0524	c.1581_1584delTTTG	out of scope
BTK	A1321	c.1602dupT	out of scope
BTK	A0894	c.1744T>C	out of scope
BTK	A1148	c.1614delT	out of scope
BTK	A1062	c.1619T>C	out of scope
BTK	A1240	c.1619T>C	out of scope
BTK	A0895	c.1754G>A	out of scope
BTK	A0975	c.1622G>A	out of scope
BTK	A0896	c.1757T>C	out of scope
BTK	A0897	c.1757T>C	out of scope
BTK	A1202	c.1630A>G	out of scope
BTK	A1511	c.1630A>G	out of scope
BTK	A1322	c.1631G>A	out of scope
BTK	A1416	c.1632G>C	out of scope
BTK	A1489	c.1632G>T	out of scope
BTK	A1396	c.1631G>C	out of scope
BTK	A1394	c.1630delA	out of scope
BTK	A1395	c.1630delA	out of scope
BTK	A1042	c.1632_1788del	out of scope
BTK	A1152	c.1637T>C	out of scope
BTK	A1153	c.1634_1640dup	out of scope
BTK	A1470	c.1661C>G	out of scope
BTK	A0760	c.1800_1821del	out of scope
BTK	A0761	c.1800_1821del	out of scope
BTK	A1526	c.1679delC	out of scope
BTK	A0205	c.1682_1683delinsA	out of scope
BTK	A1325	c.1685G>T	out of scope
BTK	A0817	c.1816C>T	out of scope
BTK	A0835	c.1816C>T	out of scope
BTK	A0898	c.1816C>T	out of scope
BTK	A0999	c.1684C>T	out of scope
BTK	A1057	c.1684C>T	out of scope
BTK	A1058	c.1684C>T	out of scope
BTK	A1060	c.1684C>T	out of scope
BTK	A1154	c.1684C>T	out of scope
BTK	A1155	c.1684C>T	out of scope
BTK	A1156	c.1684C>T	out of scope
BTK	A1157	c.1684C>T	out of scope
BTK	A1229	c.1684C>T	out of scope
BTK	A1417	c.1684C>T	out of scope
BTK	A1471	c.1684C>T	out of scope
BTK	A1452	c.1684C>T	out of scope
BTK	A0243	c.1684_1685delinsT	out of scope
BTK	A1158	c.1688G>A	out of scope
BTK	A1490	c.1689G>A	out of scope
BTK	A0911	c.1825C>A	out of scope
BTK	A1472	c.1697C>G	out of scope
BTK	A0978	c.1698delG	out of scope
BTK	A1397	c.1696_1697insT	out of scope
BTK	A1002	c.1701A>C	out of scope
BTK	A1159	c.1699delG	out of scope
BTK	A1160	c.1706T>C	out of scope
BTK	A0762	c.1843_1847delTATAG	out of scope
BTK	A1161	c.1711delT	out of scope
BTK	A0642	c.1715_1716insTA	out of scope
BTK	A0643	c.1715_1716insTA	out of scope
BTK	A1162	c.1724G>T	out of scope
BTK	A1072	c.1725C>A	out of scope
BTK	A1073	c.1725C>A	out of scope
BTK	A1398	c.1730A>T	out of scope
BTK	A1414	c.1732T>C	out of scope
BTK	A1399	c.1735G>A	out of scope
BTK	A1074	c.1736A>T	out of scope
BTK	A0899	c.1873T>C	out of scope
BTK	A0900	c.1873T>C	out of scope
BTK	A1345	c.1745C>A	out of scope
BTK	A1163	c.1745C>T	out of scope
BTK	A1164	c.1745C>T	out of scope
BTK	A1491	c.1747T>C	out of scope
BTK	A1492	c.1747T>C	out of scope
BTK	A0979	c.1749delT	out of scope
BTK	A1230	c.1749delT	out of scope
BTK	A0935	c.1750G>A	out of scope
BTK	A0936	c.1750G>A	out of scope
BTK	A1520	c.1754T>C	out of scope
BTK	A1473	c.1753G>T	out of scope
BTK	A0981	c.1764G>T	out of scope
BTK	A0901	c.1895G>A	out of scope
BTK	A1169	c.1763G>A	out of scope
BTK	A1326	c.1764_1766delGGA	out of scope
BTK	A1067	c.1768A>T	out of scope
BTK	A0902	c.1900delA	out of scope
BTK	A0982	c.1772A>C	out of scope
BTK	A1069	c.1772A>C	out of scope
BTK	A1327	c.1781G>A	out of scope
BTK	A0983	c.1780G>A	out of scope
BTK	A0984	c.1780G>A	out of scope
BTK	A1005	c.1780G>C	out of scope
BTK	A1006	c.1780G>C	out of scope
BTK	A1007	c.1780G>C	out of scope
BTK	A1474	c.1780G>A	out of scope
BTK	A1359	c.1782delG	out of scope
BTK	A1170	c.1789C>A	out of scope
BTK	A1055	c.1792T>G	out of scope
BTK	A1008	c.1793A>C	out of scope
BTK	A1328	c.1794T>G	out of scope
BTK	A1522	c.1802_1803delinsGCC	out of scope
BTK	A1043	c.1810_1811delAG	out of scope
BTK	A1454	c.1814A>G	out of scope
BTK	A1479	c.1814A>G	out of scope
BTK	A1171	c.1816A>C	out of scope
BTK	A0903	c.1967A>C	out of scope
BTK	A1061	c.1838G>C	out of scope
BTK	A0844	c.1970G>A	out of scope
BTK	A0845	c.1970G>A	out of scope
BTK	A1172	c.1844G>C	out of scope
BTK	A1173	c.1846C>T	out of scope
BTK	A1329	c.1846C>T	out of scope
BTK	A1010	c.1846C>A	out of scope
BTK	A1400	c.1846C>G	out of scope
BTK	A1174	c.1848_1850delCTA	out of scope
BTK	A0904	c.1848_1849dup	out of scope
BTK	A0905	c.1848_1849dup	out of scope
BTK	A1011	c.1856C>T	out of scope
BTK	A0837	c.1987C>T	out of scope
BTK	A1475	c.1855C>A	out of scope
BTK	A1175	c.1864G>C	out of scope
BTK	A0906	c.2000C>T	out of scope
BTK	A0907	c.2000C>T	out of scope
BTK	A0908	c.2000C>T	out of scope
BTK	A1176	c.1873A>T	out of scope
BTK	A1044	c.1876_1908del	out of scope
BTK	A1045	c.1876_1908del	out of scope
BTK	A1047	c.1876_1908del	out of scope
BTK	A0724	c.1879_1883delinsCAGTACATGCCAA	out of scope
BTK	A1177	c.1889T>C	out of scope
BTK	A1178	c.1889T>C	out of scope
BTK	A0066	c.1862_1887dup	out of scope
BTK	A0514	c.1884_1899delinsTTGC	out of scope
BTK	A1330	c.1893C>G	out of scope
BTK	A1331	c.1893C>G	out of scope
BTK	A1179	c.1898delG	out of scope
BTK	A0909	c.2033G>C	out of scope
BTK	A1180	c.1904delA	out of scope
BTK	A0624	c.1905_1906insTTTTAG	out of scope
BTK	A1048	c.1911delA	out of scope
BTK	A0027	c.1909-6_1909-1dup	out of scope
BTK	A1049	c.1912_1914delGCA	out of scope
BTK	A1415	c.1915G>T	out of scope
BTK	A1183	c.1921C>T	out of scope
BTK	A1424	c.1921C>T	out of scope
BTK	A1401	c.1921C>G	out of scope
BTK	A0690	c.1922G>A	out of scope
BTK	A1184	c.1922G>A	out of scope
BTK	A1419	c.1922G>A	out of scope
BTK	A1449	c.1922G>A	out of scope
BTK	A1347	c.1925C>G	out of scope
BTK	A1013	c.1928C>T	out of scope
BTK	A1050	c.1929delT	out of scope
BTK	A1402	c.1931T>A	out of scope
BTK	A1403	c.1952T>G	out of scope
BTK	A1428	c.-57A>G	out of scope
BTK	A1078	c.-30+1G>C	out of scope
BTK	A1079	c.-30+1G>C	out of scope
BTK	A1251	c.-30+5G>A	out of scope
BTK	A1360	c.-30+1G>A	out of scope
BTK	A0941	c.141+2T>G	out of scope
BTK	A1088	c.141+1G>C	out of scope
BTK	A1407	c.1873A>T	out of scope
BTK	A1408	c.1873A>T	out of scope
BTK	A0823	c.240_241ins106	out of scope
BTK	A0920	c.241-2A>G	out of scope
BTK	A1090	c.240+2T>G	out of scope
BTK	A1092	c.310-2A>T	out of scope
BTK	A1075	c.392-2A>G	out of scope
BTK	A1076	c.392-2A>G	out of scope
BTK	A1077	c.392-2A>G	out of scope
BTK	A1314	c.392-2A>G	out of scope
BTK	A1461	c.391+1G>A	out of scope
BTK	A1462	c.391+1G>A	out of scope
BTK	A1100	c.520+1G>A	out of scope
BTK	A1101	c.520+5G>T	out of scope
BTK	A0953	c.776+2T>C	out of scope
BTK	A1231	c.776+1G>A	out of scope
BTK	A0925	c.839+4A>G	out of scope
BTK	A1107	c.839+4AGTA>	out of scope
BTK	A1361	c.839+2T>C	out of scope
BTK	A1495	c.839+2T>C	out of scope
BTK	A1498	c.839+1G>C	out of scope
BTK	A1509	c.839+4A>G	out of scope
BTK	A1510	c.839+4A>G	out of scope
BTK	A1115	c.895-1G>A	out of scope
BTK	A1455	c.895-11C>A	out of scope
BTK	A1118	c.974+5G>T	out of scope
BTK	A1119	c.974+5G>T	out of scope
BTK	A1362	c.975-2A>C	out of scope
BTK	A0519	c.1102+1_1102+11delGTGAGTACCAG	out of scope
BTK	A0965	c.1102+1G>A	out of scope
BTK	A1127	c.1103-1G>A	out of scope
BTK	A0932	c.1350-2A>G	out of scope
BTK	A0967	c.1349+5G>A	out of scope
BTK	A1145	c.1350-2A>G	out of scope
BTK	A1191	c.1350-2A>G	out of scope
BTK	A1309	c.1349+5G>C	out of scope
BTK	A1506	c.1349+2T>A	out of scope
BTK	A1507	c.1349+2T>A	out of scope
BTK	A1508	c.1350-2A>G	out of scope
BTK	A1411	c.1350-2A>G	out of scope
BTK	A0934	c.1566+1G>A	out of scope
BTK	A0972	c.1566+1G>T	out of scope
BTK	A0973	c.1566+1G>A	out of scope
BTK	A1499	c.1567-2A>G	out of scope
BTK	A0976	c.1631+5G>A	out of scope
BTK	A0977	c.1632-2A>G	out of scope
BTK	A1149	c.1631+1G>T	out of scope
BTK	A1150	c.1631+1G>A	out of scope
BTK	A1151	c.1631+3>T	out of scope
BTK	A1366	c.1631+5G>C	out of scope
BTK	A0980	c.1750+5G>A	out of scope
BTK	A1165	c.1750+1G>T	out of scope
BTK	A1166	c.1750+1G>C	out of scope
BTK	A1167	c.1750+5>A	out of scope
BTK	A1168	c.1751-1G>T	out of scope
BTK	A1323	c.1751-2A>T	out of scope
BTK	A1324	c.1751-2A>T	out of scope
BTK	A1367	c.1751-2A>G	out of scope
BTK	A1412	c.1750+1G>A	out of scope
BTK	A0512	c.1908+1_1908+2insC	out of scope
BTK	A1181	c.1908+1G>A	out of scope
BTK	A1182	c.1909-2A>G	out of scope
BTK	A1234	c.524-?_971+?del	out of scope
C3	C0006	c.G>T	unparseable c. notation
C3	C0006	c.G>T	unparseable c. notation
C3	C0010	c.A>G	unparseable c. notation
C3	C0010	c.A>G	unparseable c. notation
C7	C0020	c.G>T	unparseable c. notation
C7	C0023	c.G>T	unparseable c. notation
C7	C0023	c.G>T	unparseable c. notation
C7	C0005	c.853-?_1207+?del	unparseable c. notation
C7	C0005	c.853-?_1207+?del	unparseable c. notation
CD40L	C0219	c.72_73ins291	unparseable c. notation
CD40L	C0194	c.157-5AATAGATAG>	unparseable c. notation
CD40L	C0195	c.157-4ATAGATAG>	unparseable c. notation
CD40L	C0166	c.346+1G>	unparseable c. notation
CTSC	C0126	c.756_757ins130	unparseable c. notation
CTSC	C0126	c.756_757ins130	unparseable c. notation
CYBA	H0050	c.59-?_203+?del	unparseable c. notation
CYBA	H0050	c.59-?_203+?del	unparseable c. notation
CYBA	H0065	c.129-?_585+?del	unparseable c. notation
CYBA	H0065	c.129-?_585+?del	unparseable c. notation
CYBA	H0073	c.129-?_369+?del	unparseable c. notation
CYBA	H0073	c.129-?_369+?del	unparseable c. notation
CYBB	A1415	c.591_592ins41	unparseable c. notation
CYBB	A1416	c.[785_786insTGCTGGAAACCCTCCTATGGT	unparseable c. notation
CYBB	A0538	c.[907C>A	unparseable c. notation
CYBB	A0648	c.[907C>A	unparseable c. notation
CYBB	A1100	c.[922_923insTCCTTTCA	unparseable c. notation
CYBB	A1116	c.[958delG	unparseable c. notation
CYBB	A0089	c.A>C	unparseable c. notation
CYBB	A0090	c.A>C	unparseable c. notation
CYBB	A0166	c.T>C	unparseable c. notation
CYBB	A0472	c.C>T	unparseable c. notation
CYBB	A0546	c.C>T	unparseable c. notation
CYBB	A0547	c.C>T	unparseable c. notation
CYBB	A0646	c.C>T	unparseable c. notation
CYBB	A0548	c.C>T	unparseable c. notation
CYBB	A0549	c.C>T	unparseable c. notation
CYBB	A0550	c.T>C	unparseable c. notation
CYBB	A0551	c.T>C	unparseable c. notation
CYBB	A0552	c.T>C	unparseable c. notation
CYBB	A0649	c._insT	unparseable c. notation
CYBB	A0650	c._insT	unparseable c. notation
CYBB	A0651	c.C>T	unparseable c. notation
CYBB	A0652	c.C>T	unparseable c. notation
CYBB	A0026	c.(253-?_1151+?)del	unparseable c. notation
CYBB	A0027	c.(338-?_483+?)del	unparseable c. notation
CYBB	A0028	c.(484-?_804+?)del	unparseable c. notation
CYBB	A0030	c.(1-?_1710+?)del	unparseable c. notation
CYBB	A0031	c.(1-?_1710+?)del	unparseable c. notation
CYBB	A0032	c.(1-?_1710+?)del	unparseable c. notation
CYBB	A0033	c.(1-?_1710+?)del	unparseable c. notation
CYBB	A0034	c.(1-?_1710+?)del	unparseable c. notation
CYBB	A0035	c.(1-?_1710+?)del	unparseable c. notation
CYBB	A0036	c.(1-?_1710+?)del	unparseable c. notation
CYBB	A0037	c.(1-?_1710+?)del	unparseable c. notation
CYBB	A0038	c.(1-?_1710+?)del	unparseable c. notation
CYBB	A0039	c.(1-?_1314+?)del	unparseable c. notation
CYBB	A0040	c.(253-?_1710+?)del	unparseable c. notation
CYBB	A0041	c.(253-?_1710+?)del	unparseable c. notation
CYBB	A0042	c.(805-?_1710+?)del	unparseable c. notation
CYBB	A0043	c.(1315-?_1710+?)del	unparseable c. notation
CYBB	A0044	c.(1462-?_1710+?)del	unparseable c. notation
CYBB	A0066	c.(1-?_1710+?)del	unparseable c. notation
CYBB	A0119	c.(1-?_1710+?)del	unparseable c. notation
CYBB	A00153	c.(1-?_1710+?)del	unparseable c. notation
CYBB	A0156	c.(1150_1151+2)delaagt	unparseable c. notation
CYBB	A0167	c.(1-?_1710+?)del	unparseable c. notation
CYBB	A0169	c.(1-?_1710+?)del	unparseable c. notation
CYBB	A0172	c.(1315-?_1710+?)del	unparseable c. notation
CYBB	A0173	c.(1315-?_1710+?)del	unparseable c. notation
CYBB	A0181	c.(482_483+4)delaggtaa	unparseable c. notation
CYBB	A0201	c.(1-?_1710+?)del	unparseable c. notation
CYBB	A00204	c.(1-?_252+?)del	unparseable c. notation
CYBB	A0205	c.(675-?_804+?)del	unparseable c. notation
CYBB	A0206	c.(1-?_1710+?)del	unparseable c. notation
CYBB	A0797	c.253-875_337+~800del	unparseable c. notation
CYBB	A0899	c.484-100_674+291del581	unparseable c. notation
CYBB	A0956	c.674+?_804+?del	unparseable c. notation
CYBB	A1051	c.805-?	unparseable c. notation
CYBB	A1270	c.1461+668_1462-807del1558	unparseable c. notation
CYBB	A1271	c.1462-?	unparseable c. notation
CYBB	A1300	c.1570_1586+?del	unparseable c. notation
CYBB	A1398	c.142-?_252+?del	unparseable c. notation
CYBB	A1399	c.675-?_804+?del	unparseable c. notation
CYBB	A1400	c.142-?_252+?del	unparseable c. notation
CYBB	A1401	c.1-?_45+?del	unparseable c. notation
CYBB	A1402	c.1-?_45+?del	unparseable c. notation
CYBB	A1403	c.805-?_897+?del	unparseable c. notation
CYBB	A1404	c.805-?_897+?del	unparseable c. notation
CYBB	A1405	c.1462-?_1710+?del	unparseable c. notation
CYBB	A1406	c.675-?_804+?del	unparseable c. notation
CYBB	A1407	c.675-?_804+?del	unparseable c. notation
CYBB	A1408	c.484-?_674+?del	unparseable c. notation
CYBB	A1409	c.484-?_674+?del	unparseable c. notation
CYBB	A1410	c.898-?_1151+?del	unparseable c. notation
CYBB	A1411	c.898-?_1151+?del	unparseable c. notation
CYBB	A1412	c.898-?_1151+?del	unparseable c. notation
CYBB	A1413	c.898-?_1151+?del	unparseable c. notation
CYBB	A00299	c.262_263ins~2100	unparseable c. notation
CYBB	A00301	c.675-24_690ins	unparseable c. notation
CYBB	A0667	c.45+907_908ins~5800	unparseable c. notation
CYBB	A0898	c.483+1880_+1881ins836	unparseable c. notation
CYBB	A0900	c.484-?_897+?	unparseable c. notation
DCLRE1C	D0013	c.307-?_678+?del	unparseable c. notation
DCLRE1C	D0013	c.307-?_678+?del	unparseable c. notation
DCLRE1C	D0017	c.781-?_1061+?del	unparseable c. notation
DCLRE1C	D0017	c.781-?_1061+?del	unparseable c. notation
DCLRE1C	D0022	c.(?_-38)_246+?del	unparseable c. notation
DCLRE1C	D0022	c.(?_-38)_246+?del	unparseable c. notation
DCLRE1C	D0023	c.(?_-38)_246+?del	unparseable c. notation
DCLRE1C	D0023	c.(?_-38)_246+?del	unparseable c. notation
DCLRE1C	D0024	c.(?_-38)_246+?del	unparseable c. notation
DCLRE1C	D0024	c.(?_-38)_246+?del	unparseable c. notation
DCLRE1C	D0025	c.(?_-38)_246+?del	unparseable c. notation
DCLRE1C	D0025	c.(?_-38)_246+?del	unparseable c. notation
DCLRE1C	D0026	c.(?_-38)_246+?del	unparseable c. notation
DCLRE1C	D0026	c.(?_-38)_246+?del	unparseable c. notation
DCLRE1C	D0027	c.(?_-38)_246+?del	unparseable c. notation
DCLRE1C	D0027	c.(?_-38)_246+?del	unparseable c. notation
DCLRE1C	D0028	c.(?_-38)_246+?del	unparseable c. notation
DCLRE1C	D0028	c.(?_-38)_246+?del	unparseable c. notation
DCLRE1C	D0029	c.(?_-38)_246+?del	unparseable c. notation
DCLRE1C	D0029	c.(?_-38)_246+?del	unparseable c. notation
DCLRE1C	D0030	c.(?_-38)_246+?del	unparseable c. notation
DCLRE1C	D0030	c.(?_-38)_246+?del	unparseable c. notation
DCLRE1C	D0031	c.(?_-38)_246+?del	unparseable c. notation
DCLRE1C	D0031	c.(?_-38)_246+?del	unparseable c. notation
DCLRE1C	D0032	c.(?_-38)_246+?del	unparseable c. notation
DCLRE1C	D0032	c.(?_-38)_246+?del	unparseable c. notation
DCLRE1C	D0033	c.(?_-38)_246+?del	unparseable c. notation
DCLRE1C	D0033	c.(?_-38)_246+?del	unparseable c. notation
DCLRE1C	D0034	c.(?_-38)_246+?del	unparseable c. notation
DCLRE1C	D0035	c.(?_-38)_246+?del	unparseable c. notation
DCLRE1C	D0035	c.(?_-38)_246+?del	unparseable c. notation
DCLRE1C	D0039	c.(?_-38)_246+?del	unparseable c. notation
DCLRE1C	D0039	c.(?_-38)_246+?del	unparseable c. notation
DCLRE1C	D0052	c.162-?_246+?del	unparseable c. notation
DCLRE1C	D0053	c.162-?_246+?del	unparseable c. notation
ELA2	E0157	c.[90T>G/194T>A]	unparseable c. notation
FERMT3	F0021	c.[922G>A	unparseable c. notation
FERMT3	F0021	1275delT]	unparseable c. notation
FERMT3	F0025	c.A>C	unparseable c. notation
FERMT3	F0025	c.A>C	unparseable c. notation
FOXP3	F0013	c.	unparseable c. notation
FOXP3	F0039	c.[543C>T/970T>C]	unparseable c. notation
G6PC3	G0014	c.[353C>G	unparseable c. notation
G6PC3	G0014	778G>C]	unparseable c. notation
IGHG2	I0001	c.1247dupG	no NM fasta found
IGHG2	I0001	c.1247dupG	no NM fasta found
IGHG2	I0002	c.1247dupG	no NM fasta found
IGHG2	I0002	c.1247dupG	no NM fasta found
IGHG2	I0003	c.568+4A>G	no NM fasta found
IGHG2	I0003	c.568+4A>G	no NM fasta found
IGHG2	I0004	c.568+4A>G	no NM fasta found
IGHG2	I0004	c.568+4A>G	no NM fasta found
IGHG2	I0005	c.568+4A>G	no NM fasta found
IGHG2	I0005	c.568+4A>G	no NM fasta found
IGHM	I0017	c.1308G>A	no NM fasta found
IGHM	I0012	c.1036_1037delAA	no NM fasta found
IGHM	I0012	c.1036_1037delAA	no NM fasta found
IGHM	I0013	c.1036_1037delAA	no NM fasta found
IGHM	I0013	c.1036_1037delAA	no NM fasta found
IGHM	I0004	c.1768T>G	no NM fasta found
IGHM	I0001	c.1831G>A	no NM fasta found
IGHM	I0001	c.1831G>A	no NM fasta found
IGHM	I0002	c.1831G>A	no NM fasta found
IGHM	I0002	c.1831G>A	no NM fasta found
IGHM	I0003	c.1831G>A	no NM fasta found
IGHM	I0003	c.1831G>A	no NM fasta found
IGHM	I0005	c.1831delG	no NM fasta found
IGHM	I0005	c.1831delG	no NM fasta found
IGHM	I0006	c.1831delG	no NM fasta found
IGHM	I0006	c.1831delG	no NM fasta found
IGHM	I0007	c.1831delG	no NM fasta found
IGHM	I0007	c.1831delG	no NM fasta found
IGHM	I0008	c.1831G>A	no NM fasta found
IGHM	I0008	c.1831G>A	no NM fasta found
IGHM	I0009	c.1831G>A	no NM fasta found
IGHM	I0009	c.1831G>A	no NM fasta found
IGHM	I0010	c.1831G>A	no NM fasta found
IGHM	I0010	c.1831G>A	no NM fasta found
IGHM	I0011	c.1831G>A	no NM fasta found
IGHM	I0011	c.1831G>A	no NM fasta found
IKBKG	I0025	c.G>A	unparseable c. notation
IKBKG	I0026	c.G>A	unparseable c. notation
IKBKG	I0021	c.G>A	unparseable c. notation
IKBKG	I0053	c.T>C	unparseable c. notation
IKBKG	I0058	c.400-?_1845+?del	unparseable c. notation
IKBKG	I0059	c.400-?_1845+?del	unparseable c. notation
IKBKG	I0060	c.400-?_1845+?del	unparseable c. notation
IKBKG	I0061	c.400-?_1845+?del	unparseable c. notation
IKBKG	I0062	c.400-?_1845+?del	unparseable c. notation
IKBKG	I0063	c.400-?_1845+?del	unparseable c. notation
IKBKG	I0064	c.400-?_1845+?del	unparseable c. notation
IKBKG	I0066	c.400-?_1845+?del	unparseable c. notation
IKBKG	I0067	c.400-?_1845+?del	unparseable c. notation
IKBKG	I0068	c.400-?_1845+?del	unparseable c. notation
IKBKG	I0069	c.400-?_1845+?del	unparseable c. notation
IKBKG	I0070	c.400-?_1845+?del	unparseable c. notation
IKBKG	I0071	c.400-?_1845+?del	unparseable c. notation
IKBKG	I0072	c.400-?_1845+?del	unparseable c. notation
IKBKG	I0073	c.400-?_1845+?del	unparseable c. notation
IKBKG	I0074	c.400-?_1845+?del	unparseable c. notation
IKBKG	I0075	c.400-?_1845+?del	unparseable c. notation
IKBKG	I0077	c.400-?_1845+?del	unparseable c. notation
IKBKG	I0078	c.400-?_1845+?del	unparseable c. notation
IKBKG	I0079	c.400-?_1845+?del	unparseable c. notation
IKBKG	I0080	c.400-?_1845+?del	unparseable c. notation
IKBKG	I0081	c.400-?_1845+?del	unparseable c. notation
IKBKG	I0082	c.400-?_1845+?del	unparseable c. notation
IKBKG	I0083	c.400-?_1845+?del	unparseable c. notation
IKBKG	I0084	c.400-?_1845+?del	unparseable c. notation
IL7R	I0005	c.[219C>T + 434A>G]	unparseable c. notation
ITGB2	A0028	c. [813_814ins +	unparseable c. notation
ITGB2	A0029	c. [813_814ins +	unparseable c. notation
ITGB2	A0090	c.delG	unparseable c. notation
ITGB2	A0125	c.G>C	unparseable c. notation
ITGB2	A0131	c.G>A	unparseable c. notation
ITGB2	A0111	c.A>G	unparseable c. notation
ITGB2	A0030	c. [813_814ins +	unparseable c. notation
ITGB2	A0134	c..1413-149_2080+839delinsAAA	unparseable c. notation
ITGB2	A0134	c..1413-149_2080+839delinsAAA	unparseable c. notation
ITGB2	A0137	c.G>C	unparseable c. notation
ITGB2	A0137	c.G>C	unparseable c. notation
ITGB2	A0087	c.C>A	unparseable c. notation
ITGB2	A0126	c.del27703	unparseable c. notation
ITGB2	A0085	c.G>A	unparseable c. notation
ITGB2	A0105	c.G>A	unparseable c. notation
ITGB2	A0105	c.G>A	unparseable c. notation
ITGB2	A0121	c.G>A	unparseable c. notation
ITGB2	A0121	c.G>A	unparseable c. notation
ITGB2	A0119	c.G>C	unparseable c. notation
ITGB2	A0119	c.G>C	unparseable c. notation
ITGB2	A0081	c.148-?_328+?del	unparseable c. notation
ITGB2	A0081	c.148-?_328+?del	unparseable c. notation
ITGB2	A0132	c.1225-?_1412+?del	unparseable c. notation
ITGB2	A0132	c.1225-?_1412+?del	unparseable c. notation
JAK3	J0027	c.c.2960_2978del	unparseable c. notation
JAK3	J0027	c.c.2960_2978del	unparseable c. notation
LIG4	L0003	c.[8C>T	unparseable c. notation
LIG4	L0003	26C>T	unparseable c. notation
LYST	C0040	c.13242+1>	unparseable c. notation
NCF2	M0047	c.[279C>G	unparseable c. notation
NCF2	M0047	501+1G>C]	unparseable c. notation
NCF2	M0048	c.[279C>G	unparseable c. notation
NCF2	M0048	501+1G>C]	unparseable c. notation
NCF2	M0049	c.[279C>G	unparseable c. notation
NCF2	M0049	501+1G>C]	unparseable c. notation
NCF2	M0050	c.[279C>G	unparseable c. notation
NCF2	M0050	501+1G>C]	unparseable c. notation
NCF2	M0012	c.[479A>T	unparseable c. notation
NCF2	M0063	c.502-?_609+?del	unparseable c. notation
NCF2	M0063	c.502-?_609+?del	unparseable c. notation
NCF2	M0071	c.1-?_257+?del	unparseable c. notation
NCF2	M0071	c.1-?_257+?del	unparseable c. notation
NCF2	M0087	c.367-?_501+?del	unparseable c. notation
NCF2	M0101	c.175-?_257+?del	unparseable c. notation
NCF2	M0102	c.175-?_257+?del	unparseable c. notation
NCF2	M0103	c.258-?_366+?del	unparseable c. notation
NCF2	M0104	c.1-?_257+?del	unparseable c. notation
NCF2	M0059	c.856-?_1000+?dup	unparseable c. notation
NCF2	M0059	c.856-?_1000+?dup	unparseable c. notation
NCF2	M0080	c.714-?_924+?ins	unparseable c. notation
PRKDC	P0001	c.[6338_6340delGAG	unparseable c. notation
PRKDC	P0001	9185T>G]	unparseable c. notation
PTPN11	A0099	c.	unparseable c. notation
RAG1	R0086	c.[746G>A	unparseable c. notation
RAG1	R0086	2521C>T]	unparseable c. notation
RAG2	S0043	c.[581C>A	unparseable c. notation
RAG2	S0043	583T>G]	unparseable c. notation
RFXANK	R0027	c.G>C	unparseable c. notation
RFXANK	R0027	c.G>C	unparseable c. notation
RFXANK	R0028	c.G>A	unparseable c. notation
RFXANK	R0028	c.G>A	unparseable c. notation
SERPING1	S0109	c.52-2A>	unparseable c. notation
SERPING1	S0170	c.550+3>T	unparseable c. notation
SERPING1	S0221	c.551-2A>	unparseable c. notation
SERPING1	S0041	c.1030-12CTTATTTTCTAGGTGGGGCAGCTGCAGC>	unparseable c. notation
SERPING1	S0042	c.1030-2AGGT>GCA	unparseable c. notation
SERPING1	S0245	c.1249+2T>	unparseable c. notation
SH2D1A	A0136	c.202-1G>	unparseable c. notation
SH2D1A	A0132	c.347-32ATTTT>	unparseable c. notation
SH2	A0005	c.843G>A	out of scope
SH2	A0006	c.854delA	out of scope
SH2	A0007	c.856_857delAT	out of scope
SH2	A0013	c.863G>A	out of scope
SH2	A0014	c.863G>A	out of scope
SH2	A0015	c.863G>A	out of scope
SH2	A0031	c.862C>T	out of scope
SH2	A0032	c.862C>T	out of scope
SH2	A0033	c.862C>T	out of scope
SH2	A0034	c.862C>T	out of scope
SH2	A0035	c.862C>T	out of scope
SH2	A0036	c.862C>T	out of scope
SH2	A0037	c.862C>T	out of scope
SH2	A0038	c.862C>T	out of scope
SH2	A0039	c.862C>T	out of scope
SH2	A0040	c.862C>T	out of scope
SH2	A0041	c.862C>T	out of scope
SH2	A0042	c.862C>T	out of scope
SH2	A0044	c.862_865delCGGA	out of scope
SH2	A0051	c.1021C>T	out of scope
SH2	A0052	c.895_974del	out of scope
SH2	A0054	c.901_903delGAA	out of scope
SH2	A0055	c.905G>A	out of scope
SH2	A0056	c.904G>A	out of scope
SH2	A0057	c.904G>A	out of scope
SH2	A0060	c.1038_1040delAGG	out of scope
SH2	A0067	c.919A>G	out of scope
SH2	A0068	c.1052G>A	out of scope
SH2	A0069	c.921A>G	out of scope
SH2	A0072	c.922_923delGA	out of scope
SH2	A0076	c.942delA	out of scope
SH2	A0082	c.953C>T	out of scope
SH2	A0083	c.1084T>C	out of scope
SH2	A0087	c.975_1102del	out of scope
SH2	A0092	c.982C>T	out of scope
SH2	A0094	c.1001A>C	out of scope
SH2	A0097	c.1014_1017dup	out of scope
SH2	A0098	c.1159C>T	out of scope
SH2	A0099	c.1037T>C	out of scope
SH2	A0101	c.1039G>C	out of scope
SH2	A0103	c.1044dupG	out of scope
SH2	A0106	c.1072C>T	out of scope
SH2	A0111	c.1081T>G	out of scope
SH2	A0113	c.1083C>A	out of scope
SH2	A0117	c.1088dupA	out of scope
SH2	A0118	c.1090C>G	out of scope
SH2	A0120	c.1223A>C	out of scope
SH2	A0121	c.1223A>C	out of scope
SH2	A0123	c.1102G>T	out of scope
SH2	A0126	c.1105C>T	out of scope
SH2	A0127	c.1106_1107delTC	out of scope
SH2	A0129	c.1243T>C	out of scope
SH2	A0130	c.1243T>C	out of scope
SH2	A0133	c.1114A>G	out of scope
SH2	A0149	c.895-1G>A	out of scope
SH2	A0155	c.974+5G>T	out of scope
SH2	A0156	c.974+5G>T	out of scope
SH2	A0162	c.1102+1G>A	out of scope
SH2	A0163	c.1103-1G>A	out of scope
SH2	A0184	c.1226G>A	out of scope
SH2	A0185	c.124A>G	out of scope
SH2	A0186	c.124A>G	out of scope
SH2	A0187	c.124A>G	out of scope
SH2	A0188	c.124A>G	out of scope
SH2	A0189	c.124A>G	out of scope
SH2	A0190	c.172A>G	out of scope
SH2	A0191	c.174C>G	out of scope
SH2	A0192	c.172A>T	out of scope
SH2	A0193	c.179G>C	out of scope
SH2	A0194	c.179G>C	out of scope
SH2	A0195	c.179G>C	out of scope
SH2	A0196	c.178G>C	out of scope
SH2	A0197	c.179G>T	out of scope
SH2	A0198	c.179G>T	out of scope
SH2	A0199	c.179G>T	out of scope
SH2	A0200	c.179G>T	out of scope
SH2	A0201	c.179G>T	out of scope
SH2	A0202	c.179G>T	out of scope
SH2	A0203	c.179G>T	out of scope
SH2	A0204	c.179G>T	out of scope
SH2	A0205	c.179G>T	out of scope
SH2	A0206	c.179G>T	out of scope
SH2	A0207	c.179G>T	out of scope
SH2	A0208	c.182A>G	out of scope
SH2	A0209	c.182A>G	out of scope
SH2	A0210	c.182A>G	out of scope
SH2	A0211	c.182A>G	out of scope
SH2	A0212	c.182A>G	out of scope
SH2	A0213	c.182A>G	out of scope
SH2	A0214	c.182A>G	out of scope
SH2	A0215	c.182A>G	out of scope
SH2	A0216	c.182A>G	out of scope
SH2	A0217	c.182A>G	out of scope
SH2	A0218	c.182A>G	out of scope
SH2	A0219	c.181G>A	out of scope
SH2	A0220	c.181G>A	out of scope
SH2	A0221	c.181G>A	out of scope
SH2	A0222	c.182A>T	out of scope
SH2	A0223	c.182A>T	out of scope
SH2	A0224	c.182A>T	out of scope
SH2	A0225	c.182A>T	out of scope
SH2	A0226	c.182A>T	out of scope
SH2	A0227	c.182A>T	out of scope
SH2	A0228	c.182A>T	out of scope
SH2	A0229	c.182A>T	out of scope
SH2	A0230	c.182A>T	out of scope
SH2	A0231	c.182A>T	out of scope
SH2	A0232	c.182A>T	out of scope
SH2	A0233	c.181G>T	out of scope
SH2	A0234	c.181G>T	out of scope
SH2	A0235	c.181G>T	out of scope
SH2	A0236	c.181G>T	out of scope
SH2	A0237	c.181G>T	out of scope
SH2	A0238	c.181G>T	out of scope
SH2	A0239	c.181G>T	out of scope
SH2	A0240	c.181G>T	out of scope
SH2	A0241	c.181G>T	out of scope
SH2	A0242	c.181G>T	out of scope
SH2	A0243	c.181G>T	out of scope
SH2	A0244	c.181G>T	out of scope
SH2	A0245	c.181G>T	out of scope
SH2	A0246	c.181G>T	out of scope
SH2	A0247	c.181G>T	out of scope
SH2	A0248	c.181G>T	out of scope
SH2	A0249	c.184T>G	out of scope
SH2	A0250	c.184T>G	out of scope
SH2	A0251	c.184T>G	out of scope
SH2	A0252	c.184T>G	out of scope
SH2	A0253	c.184T>G	out of scope
SH2	A0254	c.184T>G	out of scope
SH2	A0255	c.184T>G	out of scope
SH2	A0256	c.184T>G	out of scope
SH2	A0257	c.184T>G	out of scope
SH2	A0258	c.188A>G	out of scope
SH2	A0259	c.188A>G	out of scope
SH2	A0260	c.188A>G	out of scope
SH2	A0261	c.188A>G	out of scope
SH2	A0262	c.188A>G	out of scope
SH2	A0263	c.188A>G	out of scope
SH2	A0264	c.188A>G	out of scope
SH2	A0265	c.188A>G	out of scope
SH2	A0266	c.188A>G	out of scope
SH2	A0267	c.188A>G	out of scope
SH2	A0268	c.188A>G	out of scope
SH2	A0269	c.188A>G	out of scope
SH2	A0270	c.188A>G	out of scope
SH2	A0271	c.188A>G	out of scope
SH2	A0272	c.188A>G	out of scope
SH2	A0273	c.188A>G	out of scope
SH2	A0274	c.188A>G	out of scope
SH2	A0275	c.188A>G	out of scope
SH2	A0276	c.188A>G	out of scope
SH2	A0277	c.188A>G	out of scope
SH2	A0278	c.205G>A	out of scope
SH2	A0279	c.205G>A	out of scope
SH2	A0280	c.205G>A	out of scope
SH2	A0281	c.205G>A	out of scope
SH2	A0282	c.205G>A	out of scope
SH2	A0283	c.205G>A	out of scope
SH2	A0284	c.205G>A	out of scope
SH2	A0285	c.205G>A	out of scope
SH2	A0286	c.205G>A	out of scope
SH2	A0287	c.205G>A	out of scope
SH2	A0288	c.205G>C	out of scope
SH2	A0289	c.205G>C	out of scope
SH2	A0290	c.	out of scope
SH2	A0291	c.213T>A	out of scope
SH2	A0292	c.211T>C	out of scope
SH2	A0293	c.215C>A	out of scope
SH2	A0294	c.215C>A	out of scope
SH2	A0295	c.215C>G	out of scope
SH2	A0296	c.215C>G	out of scope
SH2	A0297	c.215C>G	out of scope
SH2	A0298	c.215C>G	out of scope
SH2	A0299	c.215C>G	out of scope
SH2	A0300	c.214G>T	out of scope
SH2	A0301	c.214G>T	out of scope
SH2	A0302	c.214G>A	out of scope
SH2	A0303	c.214G>A	out of scope
SH2	A0304	c.214G>A	out of scope
SH2	A0305	c.214G>A	out of scope
SH2	A0306	c.214G>A	out of scope
SH2	A0307	c.214G>A	out of scope
SH2	A0308	c.214G>A	out of scope
SH2	A0309	c.214G>A	out of scope
SH2	A0310	c.214G>A	out of scope
SH2	A0311	c.214G>A	out of scope
SH2	A0312	c.214G>A	out of scope
SH2	A0313	c.214G>A	out of scope
SH2	A0314	c.214G>A	out of scope
SH2	A0315	c.214G>A	out of scope
SH2	A0316	c.214G>A	out of scope
SH2	A0317	c.214G>A	out of scope
SH2	A0318	c.214G>A	out of scope
SH2	A0319	c.215C>T	out of scope
SH2	A0320	c.215C>T	out of scope
SH2	A0321	c.215C>T	out of scope
SH2	A0322	c.215C>T	out of scope
SH2	A0323	c.215C>T	out of scope
SH2	A0324	c.215C>T	out of scope
SH2	A0325	c.215C>T	out of scope
SH2	A0326	c.215C>T	out of scope
SH2	A0327	c.215C>T	out of scope
SH2	A0328	c.215C>T	out of scope
SH2	A0329	c.215C>T	out of scope
SH2	A0330	c.215C>T	out of scope
SH2	A0331	c.215C>T	out of scope
SH2	A0332	c.215C>T	out of scope
SH2	A0333	c.215C>T	out of scope
SH2	A0334	c.215C>T	out of scope
SH2	A0335	c.215C>T	out of scope
SH2	A0336	c.218C>T	out of scope
SH2	A0337	c.218C>T	out of scope
SH2	A0338	c.218C>T	out of scope
SH2	A0339	c.218C>T	out of scope
SH2	A0340	c.218C>T	out of scope
SH2	A0341	c.218C>T	out of scope
SH2	A0342	c.218C>T	out of scope
SH2	A0343	c.218C>T	out of scope
SH2	A0344	c.218C>T	out of scope
SH2	A0345	c.218C>T	out of scope
SH2	A0346	c.218C>T	out of scope
SH2	A0347	c.218C>T	out of scope
SH2	A0348	c.218C>T	out of scope
SH2	A0349	c.218C>T	out of scope
SH2	A0350	c.218C>T	out of scope
SH2	A0351	c.218C>T	out of scope
SH2	A0352	c.218C>T	out of scope
SH2	A0353	c.227A>C	out of scope
SH2	A0354	c.227A>C	out of scope
SH2	A0355	c.227A>C	out of scope
SH2	A0356	c.228G>C	out of scope
SH2	A0357	c.228G>C	out of scope
SH2	A0358	c.228G>T	out of scope
SH2	A0359	c.228G>T	out of scope
SH2	A0360	c.227A>G	out of scope
SH2	A0361	c.227A>G	out of scope
SH2	A0362	c.227A>G	out of scope
SH2	A0363	c.227A>G	out of scope
SH2	A0364	c.227A>G	out of scope
SH2	A0365	c.227A>G	out of scope
SH2	A0366	c.227A>G	out of scope
SH2	A0367	c.227A>G	out of scope
SH2	A0368	c.227A>G	out of scope
SH2	A0369	c.227A>G	out of scope
SH2	A0370	c.227A>G	out of scope
SH2	A0371	c.227A>G	out of scope
SH2	A0372	c.227A>G	out of scope
SH2	A0373	c.226G>A	out of scope
SH2	A0374	c.226G>A	out of scope
SH2	A0375	c.226G>A	out of scope
SH2	A0376	c.226G>A	out of scope
SH2	A0377	c.226G>A	out of scope
SH2	A0378	c.226G>A	out of scope
SH2	A0379	c.226G>A	out of scope
SH2	A0380	c.226G>A	out of scope
SH2	A0381	c.226G>A	out of scope
SH2	A0382	c.226G>A	out of scope
SH2	A0383	c.226G>A	out of scope
SH2	A0384	c.226G>A	out of scope
SH2	A0385	c.226G>A	out of scope
SH2	A0386	c.226G>A	out of scope
SH2	A0387	c.226G>A	out of scope
SH2	A0388	c.226G>A	out of scope
SH2	A0389	c.226G>A	out of scope
SH2	A0390	c.226G>A	out of scope
SH2	A0391	c.226G>A	out of scope
SH2	A0392	c.226G>A	out of scope
SH2	A0393	c.226G>A	out of scope
SH2	A0394	c.226G>A	out of scope
SH2	A0395	c.226G>A	out of scope
SH2	A0396	c.226G>A	out of scope
SH2	A0397	c.226G>A	out of scope
SH2	A0398	c.226G>A	out of scope
SH2	A0399	c.226G>A	out of scope
SH2	A0400	c.226G>A	out of scope
SH2	A0401	c.226G>A	out of scope
SH2	A0402	c.226G>A	out of scope
SH2	A0403	c.226G>A	out of scope
SH2	A0404	c.226G>A	out of scope
SH2	A0405	c.226G>A	out of scope
SH2	A0406	c.226G>A	out of scope
SH2	A0407	c.226G>A	out of scope
SH2	A0408	c.226G>A	out of scope
SH2	A0409	c.226G>A	out of scope
SH2	A0410	c.226G>A	out of scope
SH2	A0411	c.226G>C	out of scope
SH2	A0412	c.226G>C	out of scope
SH2	A0413	c.226G>C	out of scope
SH2	A0414	c.226G>C	out of scope
SH2	A0415	c.227A>T	out of scope
SH2	A0416	c.236A>C	out of scope
SH2	A0417	c.236A>C	out of scope
SH2	A0418	c.236A>G	out of scope
SH2	A0419	c.236A>G	out of scope
SH2	A0420	c.236A>G	out of scope
SH2	A0421	c.236A>G	out of scope
SH2	A0422	c.236A>G	out of scope
SH2	A0423	c.236A>G	out of scope
SH2	A0424	c.236A>G	out of scope
SH2	A0425	c.236A>G	out of scope
SH2	A0426	c.236A>G	out of scope
SH2	A0427	c.236A>G	out of scope
SH2	A0428	c.236A>G	out of scope
SH2	A0429	c.417G>C	out of scope
SH2	A0430	c.417G>T	out of scope
SH2	A0431	c.417G>C	out of scope
SH2	A0433	c.455G>A	out of scope
SH2	A0434	c.1193G>T	out of scope
SH2	A0435	c.1198A>G	out of scope
SH2	A0436	c.1201A>G	out of scope
SH2	A0441	c.23A>C	out of scope
SH2	A0442	c.47G>A	out of scope
SH2	A0443	c.47G>A	out of scope
SH2	A0449	c.100A>G	out of scope
SH2	A0450	c.100A>G	out of scope
SH2	A0451	c.102C>A	out of scope
SH2	A0460	c.146dupG	out of scope
SH2	A0461	c.146dupG	out of scope
SH2	A0466	c.161A>G	out of scope
SH2	A0486	c.163C>T	out of scope
SH2	A0487	c.163C>T	out of scope
SH2	A0489	c.163C>T	out of scope
SH2	A0500	c.228T>A	out of scope
SH2	A0502	c.245dupA	out of scope
SH2	A0508	c.251T>C	out of scope
SH2	A0509	c.251T>C	out of scope
SH2	A0510	c.251T>C	out of scope
SH2	A0511	c.251T>C	out of scope
SH2	A0512	c.251T>C	out of scope
SH2	A0513	c.251T>C	out of scope
SH2	A0515	c.260T>C	out of scope
SH2	A0516	c.260T>C	out of scope
SH2	A0526	c.138-2A>C	out of scope
SH2	A0527	c.138-2A>G	out of scope
SH2	A0531	c.201+3A>G	out of scope
SH2	A0532	c.202-1G>	out of scope
SH2	A0533	c.347-32ATTTT>	out of scope
SH2	A0563	c.1760_1761delAG	out of scope
SH2	A0563	c.1760_1761delAG	out of scope
SH2	A0564	c.1799T>C	out of scope
SH2	A0564	c.1799T>C	out of scope
SH2	A0565	c.1888G>C	out of scope
SH2	A0565	c.1888G>C	out of scope
SH2	A0566	c.1714A>T	out of scope
SMARCAL1	S0007	c.1334+1GT>	unparseable c. notation
SMARCAL1	S0020	c.1147+1GT>	unparseable c. notation
TCIRG1	T0018	c.748C&gt	unparseable c. notation
TCIRG1	T0018	T	unparseable c. notation
TCIRG1	T0029	c.1174C&gt	unparseable c. notation
TCIRG1	T0002	c.1280C&gt	unparseable c. notation
TCIRG1	T0006	c.1084G&gt	unparseable c. notation
TCIRG1	T0006	T	unparseable c. notation
TCIRG1	T0019	c.1357C&gt	unparseable c. notation
TCIRG1	T0019	T	unparseable c. notation
TCIRG1	T0020	c.1357C&gt	unparseable c. notation
TCIRG1	T0020	T	unparseable c. notation
TCIRG1	T0008	c.1848G&gt	unparseable c. notation
TCIRG1	T0008	A	unparseable c. notation
TCIRG1	T0016	c.2068C&gt	unparseable c. notation
TCIRG1	T0016	T	unparseable c. notation
TCIRG1	T0017	c.2068C&gt	unparseable c. notation
TCIRG1	T0012	c.2384C&gt	unparseable c. notation
TCIRG1	T0012	G	unparseable c. notation
TCIRG1	T0007	c.2475G&gt	unparseable c. notation
TNFRSF13B	T0059	c.[310T>C	unparseable c. notation
UNC13D	U0057	c.[175G>A	unparseable c. notation
UNC13D	U0057	1061G>T]	unparseable c. notation
UNC13D	U0058	c.[175G>A	unparseable c. notation
UNC13D	U0058	1061G>T]	unparseable c. notation
WAS	W0103	c.[1378C>T	unparseable c. notation
WAS	W0267	c.(931_932)ins250	unparseable c. notation
WAS	W0268	c.(1484_1485)ins118	unparseable c. notation
WAS	W0269	c.(1484_1485)ins118	unparseable c. notation
